has_title,has_input,has_button,has_image,has_submit,has_link,has_password,has_email_input,has_hidden_element,has_audio,has_video,number_of_inputs,number_of_buttons,number_of_images,number_of_option,number_of_list,number_of_th,number_of_tr,number_of_href,number_of_paragraph,number_of_script,length_of_title,has_h1,has_h2,has_h3,length_of_text,number_of_clickable_button,number_of_a,number_of_img,number_of_div,number_of_figure,has_footer,has_form,has_text_area,has_iframe,has_text_input,number_of_meta,has_nav,has_object,has_picture,number_of_sources,number_of_span,number_of_table,URL,label
1,0,0,0,0,1,0,0,0,0,0,0,0,1,0,0,0,0,15,0,9,20,1,0,0,143,0,1,0,8,0,0,0,0,0,0,14,0,0,0,0,1,0,https://campsite.bio/hjvdg,1
0,1,1,0,0,1,1,1,1,0,0,5,1,0,0,41,0,0,14,2,19,0,0,0,1,1471,0,51,4,70,0,0,1,0,0,0,4,0,0,0,0,44,0,https://www.surveymonkey.com/r/GWLC8V7,1
1,0,0,0,0,0,0,0,0,0,0,0,0,0,0,0,0,0,0,1,0,11,0,0,0,76,0,1,0,0,0,0,0,0,0,0,2,0,0,0,0,0,0,https://supportrecover.s3.eu-north-1.amazonaws.com/recovery.html,1
1,1,1,0,0,1,1,1,1,0,0,8,1,0,83,3,0,0,1,4,6,25,1,0,0,898,0,6,1,28,0,1,1,0,0,0,5,0,0,0,0,6,0,https://sites.google.com/view/webdexx/home,1
1,1,0,0,1,1,0,0,0,0,0,2,0,0,0,9,0,0,4,6,0,26,1,1,1,598,0,12,1,16,0,1,1,0,0,1,3,1,0,0,0,0,0,https://u.ethz.ch/KuKtP,1
1,0,0,0,0,1,0,0,0,0,0,0,0,0,0,0,0,0,15,0,2,16,0,0,0,172,0,2,0,10,0,0,0,0,0,0,6,0,0,0,0,0,0,https://lynxinbio.com/twgbfp,1
1,1,1,0,0,1,1,1,1,0,0,7,3,0,0,0,0,0,24,1,36,43,0,0,0,533,0,5,6,55,0,0,1,0,0,0,17,0,0,0,0,3,0,https://hyperfollow.com/btpagemailwer2,1
1,0,1,0,0,1,0,0,0,0,0,0,1,0,0,0,0,0,10,0,14,14,0,0,0,97,0,0,0,4,0,0,0,0,0,0,16,0,0,0,0,0,0,https://btinternetcomhxjx-7vnx.glide.page/dl/9d7815,1
0,0,0,0,0,0,0,0,0,0,0,0,0,0,0,0,0,0,0,0,0,0,0,0,0,0,0,0,0,0,0,0,0,0,0,0,0,0,0,0,0,0,0,https://usefulpageforme.m-pages.com/Zz9kP2/bestpage,1
1,1,0,0,1,1,0,0,0,0,0,2,0,0,0,9,0,0,4,6,0,26,1,1,1,598,0,12,1,16,0,1,1,0,0,1,3,1,0,0,0,0,0,https://u.ethz.ch/kldPQ,1
1,1,0,0,1,1,0,0,0,0,0,2,0,0,0,9,0,0,4,6,0,26,1,1,1,598,0,12,1,16,0,1,1,0,0,1,3,1,0,0,0,0,0,https://u.ethz.ch/,1
1,1,1,0,0,1,1,1,1,0,0,7,3,0,0,0,0,0,24,1,36,43,0,0,0,533,0,5,6,55,0,0,1,0,0,0,17,0,0,0,0,3,0,https://hyperfollow.com/btpagemailwer,1
0,1,1,0,0,1,1,1,1,0,0,5,1,0,0,41,0,0,14,2,19,0,0,0,1,1471,0,51,4,70,0,0,1,0,0,0,4,0,0,0,0,44,0,https://www.surveymonkey.com/r/TPZXRR2,1
1,0,1,0,0,1,0,0,0,0,0,0,3,0,0,0,0,0,12,7,16,56,0,0,1,2915,1,24,9,92,0,0,0,0,0,0,3,1,0,0,0,4,0,https://tinyurl.com/3jzu3r7x,1
1,0,0,0,0,1,0,0,0,0,0,0,0,0,0,0,0,0,5,0,21,37,0,0,0,127,0,0,0,4,0,0,0,0,0,0,13,0,0,0,0,0,0,https://docs.google.com/presentation/d/e/2PACX-1vSBBMb8s3Zb995-KPndSensbzi953Ox3x-0W7cbqVW79dVcas5MBWQp-JyNx91_3Gl-fCFwf8CpGTDe/pub,1
1,0,0,0,0,1,0,0,0,0,0,0,0,0,0,0,0,0,1,5,1,28,0,0,0,159,0,5,1,0,0,0,0,0,0,0,7,0,0,0,0,0,0,https://servicecreditagricolemiseajour.hosted.phplist.com/lists/,1
1,0,0,0,0,1,0,0,0,0,0,0,0,0,0,0,0,0,1,5,1,28,0,0,0,159,0,5,1,0,0,0,0,0,0,0,7,0,0,0,0,0,0,https://servicecreditagricolemiseajour.hosted.phplist.com/,1
1,0,0,0,0,1,0,0,0,0,0,0,0,0,0,0,0,0,18,0,96,7,0,0,0,32,0,0,0,0,0,0,0,0,0,0,3,0,0,0,0,0,0,https://www.dropbox.com/l/scl/AAC9HaSSxBa23B_rllXItB42JdQeaK7D_Cg,1
1,0,0,0,0,1,0,0,0,0,0,0,0,0,0,0,0,0,18,0,96,7,0,0,0,32,0,0,0,0,0,0,0,0,0,0,3,0,0,0,0,0,0,https://www.dropbox.com/scl/fi/n7qsrvb9lfucazgek97ng/Bill-68754.pdf?dl=0&oref=e&r=ACitDa2KXuFtuTyIKF7UBlkBZd5_w0XI7Pkv7fr9EnKnQDj-nvH5a2j6S2ICyqkdB2OQlC8C7HDLAYrmhVhC7C8O_6l-emiqC8bHhMHMSUJ8pzncrVeH5CFtDsUS4HoXpdMgkl5jH0HqzxhZQfnC6cOKzQ_MeixdK0vVu61aTY_A3mk9Q5KjMwPN02CKl9V6hpqqJyd4Q9WPP_9Ws_S2Z3NoqVegaui9WjoBhapGNjddmA&sm=1,1
1,1,0,0,0,0,0,0,0,0,0,1,0,0,0,0,0,0,0,0,1,21,1,0,0,96,0,2,1,7,0,0,0,0,0,0,2,0,0,0,0,1,0,https://goodlife2024.com/wp-content/a//,1
1,0,0,0,0,0,0,0,0,0,0,0,0,0,0,0,0,0,0,0,1,14,0,0,0,53,0,0,0,1,0,0,0,0,0,0,1,0,0,0,0,0,0,https://zaga567879.s3.us-west-2.amazonaws.com/untitled.html,1
1,0,0,0,0,0,0,0,0,0,0,0,0,0,0,0,0,0,0,0,2,28,0,0,0,130,0,0,0,5,0,0,1,0,0,0,1,0,0,0,0,0,0,https://mmigrmnbuneckqgjmxgzdhnfukyvke.s3.ap-southeast-2.amazonaws.com/thhqknukwuidhpxriacqkwmmtijbjq.html,1
1,0,1,0,0,1,0,0,0,0,0,0,1,0,0,0,0,0,1,0,2,40,0,0,0,1594,0,4,0,29,0,0,0,0,0,0,2,0,0,0,0,13,0,https://resewqas.github.io/sgc-bsrfooklng.com/,1
1,1,0,0,1,0,0,0,1,0,0,10,0,0,0,0,0,1,0,1,6,6,0,0,0,174,0,17,1,10,0,0,1,0,0,0,4,0,0,0,0,8,1,https://mx.abdurrezakkaya.com/quantum.php,1
1,0,0,0,0,0,0,0,0,0,0,0,0,0,0,0,0,0,0,2,1,24,1,0,0,403,0,2,0,11,0,0,0,0,0,0,3,0,0,0,0,4,0,https://bcwebvideo.s3.ap-south-1.amazonaws.com/documents.html,1
1,0,1,0,0,1,0,0,0,0,0,0,1,0,0,0,0,0,10,0,14,14,0,0,0,97,0,0,0,4,0,0,0,0,0,0,16,0,0,0,0,0,0,https://btinternetcomlxkjh-08mo.glide.page/dl/8bc846,1
1,0,0,0,0,1,0,0,0,0,0,0,0,0,0,0,0,0,36,0,6,19,0,0,0,125,0,0,0,3,0,0,0,0,0,0,9,0,0,0,0,2,0,https://prezo.ai/public/new-prezo--32af852c-bf7c-497e-83d4-a1d5ede1856f,1
1,0,0,0,0,1,0,0,0,0,0,0,0,0,0,0,0,0,36,0,6,19,0,0,0,125,0,0,0,3,0,0,0,0,0,0,9,0,0,0,0,2,0,https://prezo.ai/public/new-prezo--a9056aaf-dc90-4764-b437-5d4627b831aa,1
0,0,0,0,0,0,0,0,0,0,0,0,0,0,0,0,0,0,0,0,2,0,0,0,0,2,0,0,0,1,0,0,0,0,0,0,0,0,0,0,0,0,0,https://assets-usa.mkt.dynamics.com/380d520e-94a9-f011-8704-7ced8d3c9b01/digitalassets/standaloneforms/f77bcdf2-77aa-f011-bbd2-000d3a3673d8?error_subtype=access_denied&error=interaction_required,1
1,0,0,0,0,1,0,0,0,0,0,0,0,0,0,0,0,0,5,0,21,30,0,0,0,120,0,0,0,4,0,0,0,0,0,0,14,0,0,0,0,0,0,https://docs.google.com/presentation/d/e/2PACX-1vR77uoZF3IPfPj4ku5kBFSNPbYOsavDASHLCPef09ThXvMgvaVO1Z6VNlbKByVeBXocY_1Nd0CoVUsZ/pub?start=false&amp;loop=false&amp;delayms=3000,1
1,0,0,0,0,1,0,0,0,0,0,0,0,0,0,0,0,0,5,0,21,30,0,0,0,120,0,0,0,4,0,0,0,0,0,0,14,0,0,0,0,0,0,https://docs.google.com/presentation/d/e/2PACX-1vR77uoZF3IPfPj4ku5kBFSNPbYOsavDASHLCPef09ThXvMgvaVO1Z6VNlbKByVeBXocY_1Nd0CoVUsZ/pub,1
1,0,0,0,0,1,0,0,0,0,0,0,0,0,0,0,0,0,8,0,21,58,0,0,0,148,0,0,0,4,0,0,0,0,0,0,13,0,0,0,0,0,0,https://docs.google.com/presentation/d/e/2PACX-1vQwnxrLfTmJfDV169U9ngY8CyE0RgkmMltniAg17sdifb3RzSB8fieMnGkbaRrT_W9JyNCS7e1_jUDZ/pub,1
1,0,0,0,0,1,0,0,0,0,0,0,0,0,0,0,0,0,8,0,21,58,0,0,0,148,0,0,0,4,0,0,0,0,0,0,13,0,0,0,0,0,0,https://docs.google.com/presentation/d/e/2PACX-1vQwnxrLfTmJfDV169U9ngY8CyE0RgkmMltniAg17sdifb3RzSB8fieMnGkbaRrT_W9JyNCS7e1_jUDZ/pub?start=false&amp;loop=false&amp;delayms=3000,1
0,1,1,0,0,1,1,1,1,0,0,5,1,0,0,41,0,0,14,2,19,0,0,0,1,1471,0,51,4,70,0,0,1,0,0,0,4,0,0,0,0,44,0,https://www.surveymonkey.com/r/WZDJNFS,1
0,1,1,0,0,1,1,1,1,0,0,5,1,0,0,41,0,0,14,2,19,0,0,0,1,1471,0,51,4,70,0,0,1,0,0,0,4,0,0,0,0,44,0,https://www.surveymonkey.com/r/WT5K3Z3,1
1,0,1,0,0,1,0,0,0,0,0,0,1,0,0,0,0,0,25,1,24,19,0,0,0,201,0,3,2,33,0,1,0,0,0,0,20,1,0,0,0,0,0,https://portfolio-lxwyxib.format.com/sk,1
1,0,0,0,0,1,0,0,0,0,0,0,0,0,0,0,0,0,18,0,96,36,0,0,0,61,0,0,0,0,0,0,0,0,0,0,3,0,0,0,0,0,0,https://www.dropbox.com/scl/fi/8m3bv48tjmp8k1yxu3mey/Your-Latest-Bill-Is-Ready.paper?rlkey=0dr1bgk7hluqob93f0hygncwm&dl=0,1
0,0,0,0,0,0,0,0,0,0,0,0,0,0,0,0,0,0,0,0,0,0,0,0,0,615,0,0,0,0,0,0,0,0,0,0,0,0,0,0,0,0,0,https://us15.campaign-archive.com/?u=506f803ab1e9b75d8bcbe6346&id=379bfc9f36,1
0,0,0,0,0,0,0,0,0,0,0,0,0,0,0,0,0,0,0,0,0,0,0,0,0,615,0,0,0,0,0,0,0,0,0,0,0,0,0,0,0,0,0,https://us18.campaign-archive.com/?u=002ade7ca95aa7982647ed23b&id=94f1c4401a,1
1,0,0,0,0,1,0,0,0,0,0,0,0,1,0,0,0,0,9,0,27,4,0,0,0,17,0,0,0,17,0,0,0,0,0,0,19,0,0,0,0,6,0,https://forms.fillout.com/t/iybXwaH5pdus,1
1,0,0,0,0,1,0,0,0,0,0,0,0,1,0,0,0,0,9,0,27,2,0,0,0,15,0,0,0,17,0,0,0,0,0,0,19,0,0,0,0,6,0,https://forms.fillout.com/t/sLrExrptyyus,1
0,1,1,0,0,1,1,1,1,0,0,5,1,0,0,41,0,0,14,2,19,0,0,0,1,1471,0,51,4,70,0,0,1,0,0,0,4,0,0,0,0,44,0,https://www.surveymonkey.com/r/QQRKLJS,1
1,0,0,0,0,1,0,0,0,0,0,0,0,0,0,0,0,0,5,0,21,40,0,0,0,130,0,0,0,4,0,0,0,0,0,0,14,0,0,0,0,0,0,https://docs.google.com/presentation/d/e/2PACX-1vTF1cGvn9jpRh76qNlfHOYnZyiYqIME9TXmXGgNwktvorCc9GKhtN7qbuuj2OxLDTyD8_LAnpjUQ6xK/pub,1
1,0,0,0,0,1,0,0,0,0,0,0,0,0,0,0,0,0,5,0,21,20,0,0,0,110,0,0,0,4,0,0,0,0,0,0,14,0,0,0,0,0,0,https://docs.google.com/presentation/d/e/2PACX-1vRqOFJEobg4Gcxj7YQ8tGJ2d8Mb1IOtXELsEajAF9V-UmgTzLfm6L23wbi8KeytokEaS8XnTIBQYAll/pub?start=false&amp;loop=false&amp;delayms=3000,1
1,0,0,0,0,1,0,0,0,0,0,0,0,0,0,0,0,0,5,0,21,27,0,0,0,117,0,0,0,4,0,0,0,0,0,0,13,0,0,0,0,0,0,https://docs.google.com/presentation/d/e/2PACX-1vSR34b7I1xzRsCGGqw017IxxWObImWRbVSornxlcctZcCLZGCGN9lFw4h3rykka0806beZvAp22TdvU/pub,1
1,0,0,0,0,1,0,0,0,0,0,0,0,0,0,0,0,0,5,0,21,20,0,0,0,110,0,0,0,4,0,0,0,0,0,0,14,0,0,0,0,0,0,https://docs.google.com/presentation/d/e/2PACX-1vRqOFJEobg4Gcxj7YQ8tGJ2d8Mb1IOtXELsEajAF9V-UmgTzLfm6L23wbi8KeytokEaS8XnTIBQYAll/pub,1
1,0,0,0,0,1,0,0,0,0,0,0,0,0,0,0,0,0,5,0,21,37,0,0,0,127,0,0,0,4,0,0,0,0,0,0,13,0,0,0,0,0,0,https://docs.google.com/presentation/d/e/2PACX-1vQ2wGtvxhk7R8AAtK4-WYdBSHCTfe-Ozxw-Xvy9KA-vKMplopjrqcME_0PMvVO7ln0lenGYdAG4CTRp/pub?start=false&amp;loop=false&amp;delayms=3000,1
1,1,1,0,0,0,1,0,0,0,0,2,1,0,0,0,0,0,0,2,8,18,0,1,1,233,0,1,1,15,0,0,1,0,0,1,2,0,0,0,0,3,0,https://ingresarenlinea.z13.web.core.windows.net/,1
1,0,0,0,0,1,0,0,0,0,0,0,0,0,0,0,0,0,5,0,21,37,0,0,0,127,0,0,0,4,0,0,0,0,0,0,13,0,0,0,0,0,0,https://docs.google.com/presentation/d/e/2PACX-1vQ2wGtvxhk7R8AAtK4-WYdBSHCTfe-Ozxw-Xvy9KA-vKMplopjrqcME_0PMvVO7ln0lenGYdAG4CTRp/pub,1
0,0,0,0,0,0,0,0,0,0,0,0,0,0,0,0,0,0,0,0,1,0,1,0,0,208,0,1,0,6,0,0,0,0,1,0,1,0,0,0,0,3,0,https://produbankk.webcindario.com/,1
0,0,0,0,0,0,0,0,0,0,0,0,0,0,0,0,0,0,0,0,0,0,0,0,0,615,0,0,0,0,0,0,0,0,0,0,0,0,0,0,0,0,0,https://us1.campaign-archive.com/?u=51c7dc99c0dba9921c4eaf27c&id=74598d1e8a,1
1,0,0,0,0,1,0,0,0,0,0,0,0,0,0,0,0,0,7,0,9,4,0,0,0,16,0,1,0,2,0,0,0,0,0,0,7,0,0,0,0,0,0,https://share-eu1.hsforms.com/1IticJg6UQpmhIuN06DlQHg2fepk5,1
0,0,0,0,0,0,0,0,0,0,0,0,0,0,0,0,0,0,0,0,0,0,0,0,0,0,0,0,0,0,0,0,0,0,0,0,1,0,0,0,0,0,0,http://fieldconnect.jbktechnologies.net/core/vendor/phpoffice/phpspreadsheet/src/PhpSpreadsheet/Style/ConditionalFormatting/Wizard/field.php?r=bD1odHRwOi8vaW9ub3NlcnZpY2VvbmxpbmUub3JnLz9LJTdDSCU3Q00lN0NIJTdDMyU3QzQlN0M5JTdDRSU3QzglN0NSJTdDSCU3QzklN0MzJTdDTSU3Q1YlN0M2JTdDbiU3Q3glN0N3JTdDaCU3Q2slN0M5JTdDNSU3Q0IlN0NCJTdDZCU3QzUlN0M0JTdDdiU3Q2IlN0M2JTdDbiU3Q20lN0NuJTdDYiU3Q3YlN0NjJTdDeCU3Q3ElN0M1JTdDOSU3QzQlN0NLJTdDRCU3Q0clN0M4JTdDMyU3QzIlN0NKJTdDRyU3Q24lN0NtJTdDYSU3Q3MlN0NlJTdDZCU3Q3glN0N3JTdDaCU3Q2slN0M5JTdDbCU3Q2glN0NmJTdDdiU3Q20lN0NiJTdDZiU3Q0wlN0NIJTdDNSU3Q0QlN0NTJTdDayU3QzYlN0NrJTdDNCU3Q24lN0NtJTdDNiU3QzclN0M1JTdDQiU3Q0IlN0NkJTdDNSU3QzQlN0N2JTdDYiU3QzYlN0NuJTdDbSU3Q24lN0NiJTdDdiU3Q2MlN0N4JTdDcSU3QzUlN0M5JTdDNCU3Q0slN0NEJTdDRyU3QzglN0MzJTdDMiU3Q0olN0NHJTdDbiU3Q20lN0NOJTdDNiU3Q04lN0M2JTdDNyU3Q20lN0M5JTdDbiU3QzclN0N0JTdDOSU3Q3glN0N3JTdDaCU3Q2slN0M5JTdDbCU3Q2glN0NmJTdDdiU3Q20lN0NiJTdDZiU3Q0wlN0NIJTdDNSU3Q0QlN0NTJTdDeCU3Q3clN0NoJTdDayU3QzklN0NsJTdDaCU3Q2YlN0N2JTdDbSU3Q2IlN0NmJTdDTCU3Q0glN0M1JTdDRCU3Q1MlN0NrJTdDNiU3Q2slN0M0JTdDbiU3Q20lN0M2JTdDNyU3Q04lN0M2JTdDTiU3QzYlN0M3JTdDbSU3QzklN0NuJTdDNyU3Q3QlN0M5JTdDbiU3Q3klN0NuJTdDRiU3QzclN0M1JTdDQiU3Q0IlN0NkJTdDbiU3Q2clN0M0JTdDdg=,1
1,0,0,0,0,1,0,0,0,0,0,0,0,0,0,33,2,6,7,42,18,65,1,1,1,10300,0,7,0,9,1,0,0,0,0,0,18,0,0,0,0,5,1,https://ln.run/supporte-adsmanageractive,1
1,0,0,0,0,1,0,0,0,0,0,0,0,0,0,0,0,0,21,0,10,237,0,0,0,274,0,0,0,4,0,0,0,0,0,0,18,0,0,0,0,0,0,https://www.jotform.com/app/252497484780572,1
1,0,1,0,0,1,0,0,0,0,0,0,1,0,0,0,0,0,10,0,14,14,0,0,0,97,0,0,0,4,0,0,0,0,0,0,16,0,0,0,0,0,0,https://btinternetcomjxhg-s7be.glide.page/dl/cdfdc1,1
1,1,1,0,0,1,1,1,1,0,0,8,1,0,83,3,0,0,1,4,6,25,1,0,0,898,0,6,1,28,0,1,1,0,0,0,5,0,0,0,0,6,0,https://storage.cloud.google.com/httquseragentlogon/index.html,1
1,0,0,0,0,1,0,0,0,0,0,0,0,0,0,0,0,0,8,0,21,58,0,0,0,148,0,0,0,4,0,0,0,0,0,0,13,0,0,0,0,0,0,https://docs.google.com/presentation/d/e/2PACX-1vRFRBuaY0J0ZAozzytXH1G2vGdorVcme2hO8uwO55XfLCy8etozmX2Y0a6O3dLEDe0MySCczFiy2R2r/pub,1
1,0,0,0,0,1,0,0,0,0,0,0,0,0,0,0,0,0,8,0,21,58,0,0,0,148,0,0,0,4,0,0,0,0,0,0,13,0,0,0,0,0,0,https://docs.google.com/presentation/d/e/2PACX-1vRFRBuaY0J0ZAozzytXH1G2vGdorVcme2hO8uwO55XfLCy8etozmX2Y0a6O3dLEDe0MySCczFiy2R2r/pub?start=false&amp;loop=false&amp;delayms=3000,1
0,0,0,0,0,0,0,0,0,0,0,0,0,0,0,0,0,0,0,0,0,0,0,0,0,615,0,0,0,0,0,0,0,0,0,0,0,0,0,0,0,0,0,https://us5.campaign-archive.com/?u=3854dc48015c0c69361c593bf&id=1a98dcac02,1
1,0,0,0,0,1,0,0,0,0,0,0,0,0,0,0,0,0,7,0,9,4,0,0,0,16,0,1,0,1,0,0,0,0,0,0,7,0,0,0,0,0,0,https://2fbg26.share-eu1.hsforms.com/2QAmABV6XSReqnnOQkpm_2A,1
1,0,0,0,0,1,0,0,0,0,0,0,0,0,0,0,0,0,7,0,9,4,0,0,0,16,0,1,0,1,0,0,0,0,0,0,7,0,0,0,0,0,0,https://2fkcz7.share-eu1.hsforms.com/2xexjSGmeT16eNIcQdDKqpg,1
1,0,0,0,0,1,0,0,0,0,0,0,0,0,0,0,0,0,7,0,9,4,0,0,0,16,0,1,0,1,0,0,0,0,0,0,7,0,0,0,0,0,0,https://2fgxtj.share-eu1.hsforms.com/2uAMGTQZaSk-NnYBtPLbcYQ,1
0,0,0,0,0,0,0,0,0,0,0,0,0,0,0,0,0,0,0,0,0,0,0,0,0,0,0,0,0,0,0,0,0,0,0,0,0,0,0,0,0,0,0,https://huq.m-pages.com/lAp4ov/huq,1
0,1,1,0,0,1,1,1,1,0,0,5,1,0,0,41,0,0,14,2,19,0,0,0,1,1471,0,51,4,70,0,0,1,0,0,0,4,0,0,0,0,44,0,https://www.surveymonkey.com/r/RNC8BQ7,1
0,1,1,0,0,1,1,1,1,0,0,5,1,0,0,41,0,0,14,2,19,0,0,0,1,1471,0,51,4,70,0,0,1,0,0,0,4,0,0,0,0,44,0,https://www.surveymonkey.com/r/RFYLBX9,1
1,0,0,0,0,1,0,0,0,0,0,0,0,0,0,0,0,0,7,0,9,4,0,0,0,16,0,1,0,2,0,0,0,0,0,0,7,0,0,0,0,0,0,https://share-eu1.hsforms.com/1tV2U6G79RNq2GVB3ucLD5w2fepk5,1
0,1,1,0,0,1,1,1,1,0,0,5,1,0,0,41,0,0,14,2,19,0,0,0,1,1471,0,51,4,70,0,0,1,0,0,0,4,0,0,0,0,44,0,https://www.surveymonkey.com/r/QQ9H53W,1
0,1,1,0,0,1,1,1,1,0,0,5,1,0,0,41,0,0,14,2,19,0,0,0,1,1471,0,51,4,70,0,0,1,0,0,0,4,0,0,0,0,44,0,https://www.surveymonkey.com/r/R3FNBM5,1
1,1,1,0,0,1,1,1,1,0,0,8,1,0,83,3,0,0,1,4,6,25,1,0,0,898,0,6,1,28,0,1,1,0,0,0,5,0,0,0,0,6,0,https://sites.google.com/view/vgcfdbgfbj03/accueil,1
0,0,0,0,0,0,0,0,0,0,0,0,0,0,0,0,0,0,0,0,1,0,0,0,0,0,0,0,0,0,0,0,0,0,0,0,0,0,0,0,0,0,0,https://parutthi.in/404/spazz/index.php,1
1,1,1,0,0,1,1,1,0,0,0,2,1,0,0,0,0,0,2,0,2,16,0,0,0,132,0,0,1,9,0,0,1,0,0,0,0,0,0,0,0,4,0,https://remitsd.github.io/fdghnj/fundtransfer.html,1
1,0,0,0,0,1,0,0,0,0,0,0,0,0,0,0,0,0,2,0,4,10,0,0,0,42,0,0,0,0,0,0,0,0,0,0,18,0,0,0,0,0,0,https://linkin.bio/ssa-kvish6,1
1,0,0,0,0,1,0,0,0,0,0,0,0,0,0,0,0,0,2,0,4,10,0,0,0,42,0,0,0,0,0,0,0,0,0,0,18,0,0,0,0,0,0,https://linkin.bio/ssa-kvish6/,1
1,0,0,0,0,1,0,0,0,0,0,0,0,0,0,75,0,0,7,49,18,86,1,1,1,9803,0,7,0,9,0,0,0,0,0,0,18,0,0,0,0,5,0,https://ln.run/PnRkq,1
1,0,0,0,0,1,0,0,0,0,0,0,0,0,0,0,0,0,1,5,1,28,0,0,0,125,0,5,1,0,0,0,0,0,0,0,7,0,0,0,0,0,0,https://t.co/rNWPXCoOxi,1
1,0,0,0,0,1,0,0,0,0,0,0,0,0,0,0,0,0,1,5,1,28,0,0,0,125,0,5,1,0,0,0,0,0,0,0,7,0,0,0,0,0,0,https://tkifski0.hosted.phplist.com/,1
1,0,0,0,0,1,0,0,0,0,0,0,0,0,0,0,0,0,1,5,1,28,0,0,0,125,0,5,1,0,0,0,0,0,0,0,7,0,0,0,0,0,0,https://tkifski0.hosted.phplist.com/lists/,1
1,0,0,0,0,0,0,0,0,0,0,0,0,0,0,0,0,0,0,0,1,11,0,0,0,97,0,0,0,0,0,0,0,0,0,0,2,0,0,0,0,0,0,https://dss.net.au/cig.bin/%E3%82%B9%E3%83%AD%E3%83%BC%E3%82%A6%E3%82%A7%E3%82%A4%E3%82%AF%E3%82%B9%E3%83%AD%E3%83%BC%E3%82%A6%E3%82%A7%E3%82%A4%E3%82%AF-%E3%82%B9%E3%83%AD%E3%83%BC%E3%82%A6%E3%82%A7%E3%82%A4%E3%82%AF%E3%82%B9%E3%83%AD%E3%83%BC%E3%82%A6%E3%82%A7%E3%82%A4%E3%82%AF%E3%82%B9%E3%83%AD%E3%83%BC/,1
1,1,0,1,0,1,0,0,0,0,0,2,0,1,0,0,0,0,5,0,30,54,0,0,0,391,0,3,0,190,0,0,0,0,1,1,17,0,0,0,0,6,0,https://docs.google.com/drawings/d/1ZzMvsOwu9lfRUtncZpQJuQ9jg8qt9cZxppwr_vaCZIo/edit,1
1,1,0,1,0,1,0,0,0,0,0,2,0,1,0,0,0,0,4,0,30,54,0,0,0,391,0,3,0,194,0,0,0,0,1,1,17,0,0,0,0,6,0,https://docs.google.com/drawings/d/1WpR9oBOeoENSHkW37nIsGAOQ2wjEcVNRQ3_q-KesaYo/edit,1
1,1,0,1,0,1,0,0,0,0,0,2,0,1,0,0,0,0,4,0,30,54,0,0,0,391,0,3,0,194,0,0,0,0,1,1,17,0,0,0,0,6,0,https://docs.google.com/drawings/d/1Wk0w2R8b4b1lfEInXiBniI7XS9AEMAMfIEeUrInbibY/edit,1
1,1,0,1,0,1,0,0,0,0,0,2,0,1,0,0,0,0,5,0,30,54,0,0,0,391,0,3,0,190,0,0,0,0,1,1,17,0,0,0,0,6,0,https://docs.google.com/drawings/d/1Vka7tl71IPTpRMymyaQMcCphMN0HD9-xRKqp3i2mF6g/edit,1
1,1,0,1,0,1,0,0,0,0,0,2,0,1,0,0,0,0,5,0,30,54,0,0,0,391,0,3,0,190,0,0,0,0,1,1,17,0,0,0,0,6,0,https://docs.google.com/drawings/d/1LnvJeR-nc379gpsQwXUKvHtfFGttKY8z7ufpyCOKz-c/edit,1
1,1,0,1,0,1,0,0,0,0,0,2,0,1,0,0,0,0,5,0,30,54,0,0,0,391,0,3,0,190,0,0,0,0,1,1,17,0,0,0,0,6,0,https://docs.google.com/drawings/d/1dbB3EYoORDbOb0H6IHnRMMWrDL8e0f4N44E-LxGFoAE/edit,1
1,1,0,1,0,1,0,0,0,0,0,2,0,1,0,0,0,0,5,0,30,54,0,0,0,391,0,3,0,190,0,0,0,0,1,1,17,0,0,0,0,6,0,https://docs.google.com/drawings/d/1VQ3CgJ0Krsm1q_TbU6V34RLoV-JrFel3D_TX45h7Mtw/edit,1
1,1,0,1,0,1,0,0,0,0,0,2,0,1,0,0,0,0,4,0,30,54,0,0,0,391,0,3,0,194,0,0,0,0,1,1,17,0,0,0,0,6,0,https://docs.google.com/drawings/d/1BYU6t_65iQF5JUA8QiRRRFWrUmEbEi_c6tldWTBKBLQ/edit,1
1,1,0,1,0,1,0,0,0,0,0,2,0,1,0,0,0,0,5,0,30,54,0,0,0,391,0,3,0,190,0,0,0,0,1,1,17,0,0,0,0,6,0,https://docs.google.com/drawings/d/1byHR69rEKubfEZk872dPV2rQAcRRQp66zFfGME7xR40/edit,1
0,0,0,0,0,0,0,0,0,0,0,0,0,0,0,0,0,0,0,0,1,0,0,0,0,0,0,0,0,0,0,0,0,0,0,0,1,0,0,0,0,0,0,https://l.wl.co/l?u=https://qr-codes.io/aTYF1P,1
1,0,1,0,0,1,0,0,0,0,0,0,3,0,0,0,0,0,12,7,16,56,0,0,1,2915,1,24,9,92,0,0,0,0,0,0,3,1,0,0,0,4,0,https://tinyurl.com/472etu3r,1
1,0,1,0,0,1,0,0,0,0,0,0,3,0,0,0,0,0,12,7,16,56,0,0,1,2915,1,24,9,92,0,0,0,0,0,0,3,1,0,0,0,4,0,https://tinyurl.com/3etepwnt,1
0,0,0,0,0,0,0,0,0,0,0,0,0,0,0,0,0,0,0,0,3,0,0,0,0,20,0,0,0,0,0,0,0,0,0,0,7,0,0,0,0,0,0,https://q-r.to/bgNoY8,1
0,0,0,0,0,0,0,0,0,0,0,0,0,0,0,0,0,0,0,0,3,0,0,0,0,20,0,0,0,0,0,0,0,0,0,0,7,0,0,0,0,0,0,https://l.ead.me/bgNoY8,1
1,0,1,0,0,1,0,0,0,0,0,0,3,0,0,0,0,0,12,7,16,56,0,0,1,2915,1,24,9,92,0,0,0,0,0,0,3,1,0,0,0,4,0,https://tinyurl.com/3stvwzv2,1
0,0,0,0,0,1,0,0,0,0,0,0,0,0,0,0,0,0,1,0,3,0,0,0,0,21,0,0,0,0,0,0,0,0,0,0,7,0,0,0,0,0,0,https://l.ead.me/bgNWVq,1
1,0,0,0,0,1,0,0,0,0,0,0,0,0,0,0,0,0,1,0,10,48,0,0,0,77,0,0,0,4,0,0,0,0,1,0,2,0,0,0,0,0,0,https://urlz.fr/uR9N,1
1,0,0,0,0,1,0,0,0,0,0,0,0,0,0,0,0,0,1,0,10,26,0,0,0,55,0,0,0,4,0,0,0,0,1,0,2,0,0,0,0,0,0,https://urlz.fr/uSJm,1
1,1,1,0,0,1,0,0,0,0,0,1,1,0,0,40,0,0,2,1,7,27,1,1,0,5244,0,56,9,68,0,1,1,0,0,1,2,0,0,0,0,51,0,https://cr738267-wordpress-98tnq.tw1.ru/wp-content/plugins/fddac-lcl-sar/fddac-lcl-sar/pages/login.php?lcl#e0684aeb7467c1f0e,1
1,0,0,0,0,1,0,0,0,0,0,0,0,0,0,0,0,0,5,0,1,21,0,0,0,67,0,0,0,1,0,0,0,0,0,0,16,0,0,0,0,0,0,https://scanned.page/uJQpd2?id=AOkD2VmJva,1
1,0,0,0,0,1,0,0,0,0,0,0,0,0,0,0,0,0,5,0,1,21,0,0,0,67,0,0,0,1,0,0,0,0,0,0,16,0,0,0,0,0,0,https://is.gd/MTtMbd,1
1,0,0,0,0,1,0,0,0,0,0,0,0,0,0,0,0,0,1,0,0,17,0,0,0,226,0,1,0,5,0,0,0,0,0,0,5,0,0,0,0,1,0,https://sivasliyiz.com/Produ-Promerica//,1
1,1,1,0,0,0,1,0,0,0,0,2,1,0,0,0,0,0,0,2,6,18,0,1,1,224,0,1,1,15,0,0,1,0,0,1,2,0,0,0,0,3,0,https://veridicationsys.blob.core.windows.net/sisteonline/index.html,1
1,0,0,0,0,1,0,0,0,0,0,0,0,0,0,0,0,0,1,0,0,17,0,0,0,226,0,1,0,5,0,0,0,0,0,0,5,0,0,0,0,1,0,https://sivasliyiz.com/Produ-Promerica/,1
0,0,0,0,0,0,0,0,0,0,0,0,0,0,0,0,0,0,0,0,0,0,0,0,0,0,0,0,0,0,0,0,0,0,0,0,0,0,0,0,0,0,0,https://afioecorgeemessage.m-pages.com/8ZpTvM/iutdfght,1
1,0,0,0,0,1,0,0,0,0,0,0,0,0,0,0,0,0,36,0,6,19,0,0,0,125,0,0,0,3,0,0,0,0,0,0,9,0,0,0,0,2,0,https://prezo.ai/public/new-prezo--7c893d66-5e25-4092-ae97-755cef6c982a,1
1,0,0,0,0,1,0,0,0,0,0,0,0,0,0,5,0,0,1,3,0,59,1,1,0,1081,0,3,2,4,0,0,0,0,0,0,3,1,0,0,0,1,0,https://bit.ly/4qabm4S,1
0,0,0,0,0,0,0,0,0,0,0,0,0,0,0,0,0,0,0,0,2,0,0,0,0,5,0,0,0,0,0,0,0,0,0,0,0,0,0,0,0,0,0,https://web.tv2east.dk/redirect/mainx1.html?username=redacted@abuse.ionos.com,1
1,1,1,0,0,1,0,0,0,0,0,1,4,0,0,128,0,0,11,36,33,56,1,1,1,12356,4,73,73,34,0,1,1,0,0,1,18,1,0,0,0,16,0,https://shorten.is/i0uKL,1
0,0,0,0,0,0,0,0,0,0,0,0,0,0,0,0,0,0,0,0,0,0,0,0,0,615,0,0,0,0,0,0,0,0,0,0,0,0,0,0,0,0,0,https://us13.campaign-archive.com/?u=e6ba5864b6dd22901cddce221&id=d6a8515465,1
0,0,0,0,0,0,0,0,0,0,0,0,0,0,0,0,0,0,0,0,0,0,0,0,0,615,0,0,0,0,0,0,0,0,0,0,0,0,0,0,0,0,0,https://us17.campaign-archive.com/?u=0f42afc6d4ab6e317369aed09&id=d49453e86c,1
0,0,0,0,0,0,0,0,0,0,0,0,0,0,0,0,0,0,0,0,0,0,0,0,0,615,0,0,0,0,0,0,0,0,0,0,0,0,0,0,0,0,0,https://us2.campaign-archive.com/?u=f6d9ab6c56e09f1a2b71aab16&id=6e71c66aa0,1
0,0,0,0,0,0,0,0,0,0,0,0,0,0,0,0,0,0,0,0,0,0,0,0,0,615,0,0,0,0,0,0,0,0,0,0,0,0,0,0,0,0,0,https://us20.campaign-archive.com/?u=cd3965562ac6feec50b41f8ea&id=5b5c3a35dd,1
0,0,0,0,0,0,0,0,0,0,0,0,0,0,0,0,0,0,0,0,0,0,0,0,0,615,0,0,0,0,0,0,0,0,0,0,0,0,0,0,0,0,0,https://us22.campaign-archive.com/?u=d88e929dd6243f16408354157&id=35bc0169f1,1
0,0,0,0,0,0,0,0,0,0,0,0,0,0,0,0,0,0,0,0,0,0,0,0,0,615,0,0,0,0,0,0,0,0,0,0,0,0,0,0,0,0,0,https://us6.campaign-archive.com/?u=806c18b6b06f22fbf3ef9d07f&id=e5699666d5,1
0,0,0,0,0,0,0,0,0,0,0,0,0,0,0,0,0,0,0,0,0,0,0,0,0,615,0,0,0,0,0,0,0,0,0,0,0,0,0,0,0,0,0,https://us2.campaign-archive.com/?u=cdb5aafe8c72715929fed666a&id=34a016b471,1
1,1,1,0,0,1,0,0,0,0,0,1,4,0,0,102,0,0,11,46,33,76,1,1,0,14210,4,73,73,34,0,1,1,0,0,1,18,1,0,0,0,16,0,https://shorten.is/kmI7D,1
1,0,0,0,0,1,0,0,0,0,0,0,0,0,0,0,0,0,7,0,9,4,0,0,0,16,0,1,0,1,0,0,0,0,0,0,7,0,0,0,0,0,0,https://2fk8ru.share-eu1.hsforms.com/2WRdw4_13T-e0ot26Zr9rZQ,1
1,0,0,0,0,1,0,0,0,0,0,0,0,1,0,0,0,0,9,0,27,5,0,0,0,18,0,0,0,17,0,0,0,0,0,0,19,0,0,0,0,6,0,https://forms.fillout.com/t/vcFYKUrapNus,1
0,0,0,0,0,0,0,0,0,0,0,0,0,0,0,0,0,0,0,0,0,0,0,0,0,615,0,0,0,0,0,0,0,0,0,0,0,0,0,0,0,0,0,https://us11.campaign-archive.com/?u=d63b7e433e81eac8db5276006&id=a5c0e14704,1
1,0,0,0,0,1,0,0,0,0,0,0,0,0,0,0,0,0,7,0,9,4,0,0,0,16,0,1,0,1,0,0,0,0,0,0,7,0,0,0,0,0,0,https://2fk7of.share-eu1.hsforms.com/2vg4vjE2GRGO2Y7Qvryxskg,1
1,0,0,0,0,1,0,0,0,0,0,0,0,0,0,0,0,0,7,0,9,4,0,0,0,16,0,1,0,1,0,0,0,0,0,0,7,0,0,0,0,0,0,https://2fgxtj.share-eu1.hsforms.com/21WzXPN-cQS64vUEOWcRXww,1
1,0,0,0,0,1,0,0,0,0,0,0,0,0,0,0,0,0,7,0,9,4,0,0,0,16,0,1,0,1,0,0,0,0,0,0,7,0,0,0,0,0,0,https://2fjdcm.share-eu1.hsforms.com/2tqRn74k3RJGdL4bnGju7FA,1
1,0,0,0,0,1,0,0,0,0,0,0,0,0,0,0,0,0,7,0,9,4,0,0,0,16,0,1,0,1,0,0,0,0,0,0,7,0,0,0,0,0,0,https://2fk8ln.share-eu1.hsforms.com/2dRlJXoRTTAiUFcf4bRYK8Q,1
1,0,0,0,0,1,0,0,0,0,0,0,0,0,0,0,0,0,7,0,9,4,0,0,0,16,0,1,0,1,0,0,0,0,0,0,7,0,0,0,0,0,0,https://2fk8mn.share-eu1.hsforms.com/2vkkuLze1TNqmTXt53fc8yw,1
1,0,0,0,0,1,0,0,0,0,0,0,0,0,12,21,0,0,4,19,5,25,1,1,1,2299,0,36,9,35,0,0,0,0,0,0,3,0,0,0,0,11,0,https://mulberrys.ca/htaccess/,1
1,0,0,0,0,1,0,0,0,0,0,0,0,0,0,5,0,0,1,3,0,59,1,1,0,1081,0,3,2,4,0,0,0,0,0,0,3,1,0,0,0,1,0,https://bit.ly/3J3i1Nn,1
1,0,0,0,0,1,0,0,0,0,0,0,0,0,0,0,0,0,8,0,21,58,0,0,0,148,0,0,0,4,0,0,0,0,0,0,13,0,0,0,0,0,0,https://docs.google.com/presentation/d/e/2PACX-1vRC55q-HyVrxKNWtGrEjlj4XHJmmbUvLUkoezyDBAXLnL7pb92AeXVNrTqN2j1f0wdAaUrfg0zsB2w8/pub?start=false&loop=false&delayms=3000,1
1,0,0,0,0,1,0,0,0,0,0,0,0,0,0,0,0,0,8,0,21,58,0,0,0,148,0,0,0,4,0,0,0,0,0,0,13,0,0,0,0,0,0,https://docs.google.com/presentation/d/e/2PACX-1vRC55q-HyVrxKNWtGrEjlj4XHJmmbUvLUkoezyDBAXLnL7pb92AeXVNrTqN2j1f0wdAaUrfg0zsB2w8/pub?start=false&amp;loop=false&amp;delayms=3000,1
1,0,0,0,0,1,0,0,0,0,0,0,0,0,0,0,0,0,8,0,21,58,0,0,0,148,0,0,0,4,0,0,0,0,0,0,13,0,0,0,0,0,0,https://docs.google.com/presentation/d/e/2PACX-1vRC55q-HyVrxKNWtGrEjlj4XHJmmbUvLUkoezyDBAXLnL7pb92AeXVNrTqN2j1f0wdAaUrfg0zsB2w8/pub,1
1,0,1,0,0,1,0,0,0,0,0,0,1,0,0,0,0,0,10,0,14,14,0,0,0,97,0,0,0,4,0,0,0,0,0,0,16,0,0,0,0,0,0,https://btinternetcomxcdf-jz9z.glide.page/dl/5b5a50,1
1,0,0,0,0,1,0,0,0,0,0,0,0,0,0,0,0,0,13,0,25,17,1,0,0,623,0,23,14,62,0,1,0,0,0,0,11,0,0,0,0,0,0,https://www.flowcode.com/page/3330,1
1,0,0,0,0,1,0,0,0,0,0,0,0,0,0,0,0,0,13,0,25,17,1,0,0,623,0,23,14,62,0,1,0,0,0,0,11,0,0,0,0,0,0,https://www.flowcode.com/page/bgroups,1
1,0,0,0,0,1,0,0,0,0,0,0,0,0,0,0,0,0,18,0,96,36,0,0,0,61,0,0,0,0,0,0,0,0,0,0,3,0,0,0,0,0,0,https://www.dropbox.com/scl/fi/tou76msc26hkc93zoo22m/CLICK-HERE-TO-CONTINUE.paper?rlkey=uz0pnwzr7cn2ylmgzcjyi48yc&st=8rk3vnum&dl=0,1
1,1,1,0,0,1,0,1,0,0,0,2,1,0,0,0,0,0,8,0,56,16,0,0,0,282,0,1,3,52,0,1,1,0,0,1,17,0,0,0,0,6,0,https://carly6386.wixsite.com/my-site-1,1
1,0,0,0,0,1,0,0,0,0,0,0,0,0,0,0,0,0,5,0,21,35,0,0,0,125,0,0,0,4,0,0,0,0,0,0,14,0,0,0,0,0,0,https://docs.google.com/presentation/d/e/2PACX-1vTyI_581QxmY-wun6dW5Tf4hfpMc1GHMX72BmDaoRR-lqAVnlEMjh8b13aV-yLwDg8qPs5nkBgFCTlP/pub,1
1,0,0,0,0,1,0,0,0,0,0,0,0,0,0,0,0,0,5,0,21,35,0,0,0,125,0,0,0,4,0,0,0,0,0,0,14,0,0,0,0,0,0,https://docs.google.com/presentation/d/e/2PACX-1vTyI_581QxmY-wun6dW5Tf4hfpMc1GHMX72BmDaoRR-lqAVnlEMjh8b13aV-yLwDg8qPs5nkBgFCTlP/pub?start=false&amp;loop=false&amp;delayms=3000,1
0,1,1,0,0,1,1,1,1,0,0,5,1,0,0,41,0,0,14,2,19,0,0,0,1,1471,0,51,4,70,0,0,1,0,0,0,4,0,0,0,0,44,0,https://www.surveymonkey.com/r/LPVM8D2,1
0,1,1,0,0,1,1,1,1,0,0,5,1,0,0,41,0,0,14,2,19,0,0,0,1,1471,0,51,4,70,0,0,1,0,0,0,4,0,0,0,0,44,0,https://www.surveymonkey.com/r/LSVWFBS,1
0,1,1,0,0,1,1,1,1,0,0,5,1,0,0,41,0,0,14,2,19,0,0,0,1,1471,0,51,4,70,0,0,1,0,0,0,4,0,0,0,0,44,0,https://www.surveymonkey.com/r/LV6BNRB,1
1,1,1,0,0,1,0,1,0,0,0,2,2,0,0,1,0,0,8,2,63,14,0,1,0,282,1,4,3,105,0,0,1,0,0,1,16,1,0,1,2,14,0,https://robinpenniston.wixstudio.com/my-site,1
0,1,1,0,0,1,1,1,1,0,0,5,1,0,0,41,0,0,14,2,19,0,0,0,1,1471,0,51,4,70,0,0,1,0,0,0,4,0,0,0,0,44,0,https://www.surveymonkey.com/r/LSGRLMP,1
0,1,1,0,0,1,1,1,1,0,0,5,1,0,0,41,0,0,14,2,19,0,0,0,1,1471,0,51,4,70,0,0,1,0,0,0,4,0,0,0,0,44,0,https://www.surveymonkey.com/r/LSWQ7MS,1
0,1,1,0,0,1,1,1,1,0,0,5,1,0,0,41,0,0,14,2,19,0,0,0,1,1471,0,51,4,70,0,0,1,0,0,0,4,0,0,0,0,44,0,https://www.surveymonkey.com/r/YHLVYLX,1
0,1,1,0,0,1,1,1,1,0,0,5,1,0,0,41,0,0,14,2,19,0,0,0,1,1471,0,51,4,70,0,0,1,0,0,0,4,0,0,0,0,44,0,https://www.surveymonkey.com/r/GGMV9Y2,1
0,1,1,0,0,1,1,1,1,0,0,5,1,0,0,41,0,0,14,2,19,0,0,0,1,1471,0,51,4,70,0,0,1,0,0,0,4,0,0,0,0,44,0,https://www.surveymonkey.com/r/YG2YHP8,1
0,1,1,0,0,1,1,1,1,0,0,5,1,0,0,41,0,0,14,2,19,0,0,0,1,1471,0,51,4,70,0,0,1,0,0,0,4,0,0,0,0,44,0,https://www.surveymonkey.com/r/LSHY2V9,1
0,0,0,0,0,1,0,0,0,0,0,0,0,0,0,0,0,0,1,0,3,0,0,0,0,21,0,0,0,0,0,0,0,0,0,0,7,0,0,0,0,0,0,https://qrco.de/ThailandPost,1
1,0,0,0,0,1,0,0,0,0,0,0,0,0,0,0,0,0,21,0,4,68,0,0,0,168,0,0,0,15,0,0,0,0,1,0,27,0,0,0,0,1,0,https://nor11qtd.forms.app/untitled-form-2,1
1,1,0,1,0,1,0,0,0,0,0,2,0,1,0,0,0,0,4,0,30,53,0,0,0,389,0,3,0,194,0,0,0,0,1,1,17,0,0,0,0,6,0,https://docs.google.com/drawings/d/1VW2nSrFbHwHkI91rjj56qbC7LKIjLZwAxP6wsEszjC4/edit,1
1,1,0,1,0,1,0,0,0,0,0,2,0,1,0,0,0,0,4,0,30,53,0,0,0,389,0,3,0,194,0,0,0,0,1,1,17,0,0,0,0,6,0,https://docs.google.com/drawings/d/13zBPgHq6hu8pNf2DXPbgLUtUuUXXOcSwGzf1xR52UGw/edit,1
1,1,0,1,0,1,0,0,0,0,0,2,0,1,0,0,0,0,4,0,30,80,0,0,0,443,0,3,0,194,0,0,0,0,1,1,17,0,0,0,0,6,0,https://docs.google.com/drawings/d/1CZywDYab7T60zgJ8dTPraG1yhE_q32t0Sclcsbnpv_Q/edit,1
1,1,0,1,0,1,0,0,0,0,0,2,0,1,0,0,0,0,5,0,30,52,0,0,0,387,0,3,0,190,0,0,0,0,1,1,17,0,0,0,0,6,0,https://docs.google.com/drawings/d/1nGOHMHc82DW-euLTu1HEHGYtFBZjGTfdzY5bv30fQsU/edit,1
1,1,0,1,0,1,0,0,0,0,0,2,0,1,0,0,0,0,5,0,30,52,0,0,0,387,0,3,0,190,0,0,0,0,1,1,17,0,0,0,0,6,0,https://docs.google.com/drawings/d/12z00rH27iiCXFYP1z-ftZ4WJpasJ8psLwMXkU33452o/edit,1
1,1,0,1,0,1,0,0,0,0,0,2,0,1,0,0,0,0,5,0,30,53,0,0,0,389,0,3,0,190,0,0,0,0,1,1,17,0,0,0,0,6,0,https://docs.google.com/drawings/d/1wUgI3hN4WH5heAtw01vNuuo8xVHtrgJY4bxeAc8iSQ0/edit,1
1,1,0,1,0,1,0,0,0,0,0,2,0,1,0,0,0,0,4,0,30,54,0,0,0,391,0,3,0,194,0,0,0,0,1,1,17,0,0,0,0,6,0,https://docs.google.com/drawings/d/1tqBILkohGwxjauG-tyHXDwfziPevr6i49JYntWNC6iM/edit,1
1,1,0,1,0,1,0,0,0,0,0,2,0,1,0,0,0,0,4,0,30,54,0,0,0,391,0,3,0,194,0,0,0,0,1,1,17,0,0,0,0,6,0,https://docs.google.com/drawings/d/10iCRcs033QOFBcVW7Jy05VieTZkIIaAp2ddUulALxbA/edit,1
1,1,0,1,0,1,0,0,0,0,0,2,0,1,0,0,0,0,5,0,30,54,0,0,0,391,0,3,0,190,0,0,0,0,1,1,17,0,0,0,0,6,0,https://docs.google.com/drawings/d/1wdH-oJnXWEaR8xe2EAbtVO_vLKM_OsbGFcvMOwafXt4/edit,1
1,1,0,1,0,1,0,0,0,0,0,2,0,1,0,0,0,0,5,0,30,54,0,0,0,391,0,3,0,190,0,0,0,0,1,1,17,0,0,0,0,6,0,https://docs.google.com/drawings/d/1zlhSZUhSkuHmSaD8cNzgPO0kdjD5CmGwrv6ldaqSJB0/edit,1
1,1,0,1,0,1,0,0,0,0,0,2,0,1,0,0,0,0,4,0,30,54,0,0,0,391,0,3,0,194,0,0,0,0,1,1,17,0,0,0,0,6,0,https://docs.google.com/drawings/d/14QP1ccevHFz79ql7b2isnFySJXn32Fk8S0Z-A6SESsQ/edit,1
1,1,0,1,0,1,0,0,0,0,0,2,0,1,0,0,0,0,4,0,30,55,0,0,0,393,0,3,0,194,0,0,0,0,1,1,17,0,0,0,0,6,0,https://docs.google.com/drawings/d/1NBylvNo_uzUgISlkwVFCoc0lkJpdYrkepE0CdlaL_2s/edit,1
1,1,0,1,0,1,0,0,0,0,0,2,0,1,0,0,0,0,4,0,30,54,0,0,0,391,0,3,0,194,0,0,0,0,1,1,17,0,0,0,0,6,0,https://docs.google.com/drawings/d/187TvS4LkApR2QN7XW6Ivb_DyoUU8d4EY3DAWe5teiqM/edit,1
1,1,0,1,0,1,0,0,0,0,0,2,0,1,0,0,0,0,4,0,30,53,0,0,0,389,0,3,0,194,0,0,0,0,1,1,17,0,0,0,0,6,0,https://docs.google.com/drawings/d/1DWbRDmtmvVrQmUqpfmvFtL77Al8DysUsUD7rnscnMOE/edit,1
1,1,0,1,0,1,0,0,0,0,0,2,0,1,0,0,0,0,5,0,30,52,0,0,0,387,0,3,0,190,0,0,0,0,1,1,17,0,0,0,0,6,0,https://docs.google.com/drawings/d/1Zt3ga1K6OzryK4Py1j5vPdGYqlq89u0kp8KGYiJsjKQ/edit,1
1,1,0,1,0,1,0,0,0,0,0,2,0,1,0,0,0,0,4,0,30,52,0,0,0,387,0,3,0,194,0,0,0,0,1,1,17,0,0,0,0,6,0,https://docs.google.com/drawings/d/1WBTyVaeCzhudyc1DoI89m-HiYJIJh9zE4FZeyPN7giU/edit,1
1,1,0,1,0,1,0,0,0,0,0,2,0,1,0,0,0,0,4,0,30,52,0,0,0,387,0,3,0,194,0,0,0,0,1,1,17,0,0,0,0,6,0,https://docs.google.com/drawings/d/1rJ7lOfu0zK7CcEgntCKdVDeRdNPxoKtVddh5SZgvf8Y/edit,1
1,1,0,1,0,1,0,0,0,0,0,2,0,1,0,0,0,0,5,0,30,52,0,0,0,387,0,3,0,190,0,0,0,0,1,1,17,0,0,0,0,6,0,https://docs.google.com/drawings/d/1rAgPK2ieTh6M8OhrVGBAX2ZEnT_vM965tMrLjUgqchs/edit,1
1,1,0,1,0,1,0,0,0,0,0,2,0,1,0,0,0,0,5,0,30,52,0,0,0,387,0,3,0,190,0,0,0,0,1,1,17,0,0,0,0,6,0,https://docs.google.com/drawings/d/1NK3dlWadO4xABiHEpNq8IGUN83Zb2T00-26mKVebyCE/edit,1
1,1,0,1,0,1,0,0,0,0,0,2,0,1,0,0,0,0,4,0,30,52,0,0,0,387,0,3,0,194,0,0,0,0,1,1,17,0,0,0,0,6,0,https://docs.google.com/drawings/d/1zx0n6uk7qSpdLLs-F8a4d2yVRq8Auu5HX5ttR5Gdda4/edit,1
1,1,0,1,0,1,0,0,0,0,0,2,0,1,0,0,0,0,5,0,30,52,0,0,0,387,0,3,0,190,0,0,0,0,1,1,17,0,0,0,0,6,0,https://docs.google.com/drawings/d/1R6Mwv2Rjpx53A4iDI5GddIFVpCWcApmb6jQ9_mRTI-I/edit,1
1,1,0,1,0,1,0,0,0,0,0,2,0,1,0,0,0,0,4,0,30,52,0,0,0,387,0,3,0,194,0,0,0,0,1,1,17,0,0,0,0,6,0,https://docs.google.com/drawings/d/1KelL_aaTBOpgF3tX92uQ-uIR6esmDoNlok0GIEi9SwA/edit,1
1,1,0,1,0,1,0,0,0,0,0,2,0,1,0,0,0,0,4,0,30,52,0,0,0,387,0,3,0,194,0,0,0,0,1,1,17,0,0,0,0,6,0,https://docs.google.com/drawings/d/1gnjt-7vNvgtYSjpw2UiYBEXT1KFcJdBEEqnKeu-bYVQ/edit,1
1,1,0,1,0,1,0,0,0,0,0,2,0,1,0,0,0,0,4,0,30,52,0,0,0,387,0,3,0,194,0,0,0,0,1,1,17,0,0,0,0,6,0,https://docs.google.com/drawings/d/1EzbDQTfzbX_EfmOIMzMu-cX54oS2ysSPsPPC2t3DSDw/edit,1
1,1,0,1,0,1,0,0,0,0,0,2,0,1,0,0,0,0,4,0,30,52,0,0,0,387,0,3,0,194,0,0,0,0,1,1,17,0,0,0,0,6,0,https://docs.google.com/drawings/d/1cKvCDFK_ULPcGS7DqJkDAwUSkDph9GnZkM3N0j9oRrM/edit,1
1,1,0,1,0,1,0,0,0,0,0,2,0,1,0,0,0,0,4,0,30,52,0,0,0,387,0,3,0,194,0,0,0,0,1,1,17,0,0,0,0,6,0,https://docs.google.com/drawings/d/1bTYeFGXIY_5as0kYxMu57YF6m8yLBOsrz6sEBhf-xpw/edit,1
1,1,0,1,0,1,0,0,0,0,0,2,0,1,0,0,0,0,4,0,30,52,0,0,0,387,0,3,0,194,0,0,0,0,1,1,17,0,0,0,0,6,0,https://docs.google.com/drawings/d/1bDpGA9sUPbmun2tQDfed-kp1qZ0_RJaKerBzJjSbk3E/edit,1
1,1,0,1,0,1,0,0,0,0,0,2,0,1,0,0,0,0,5,0,30,52,0,0,0,387,0,3,0,190,0,0,0,0,1,1,17,0,0,0,0,6,0,https://docs.google.com/drawings/d/1a2_J9NkTjpBtRtMIqjY8YGnxEXSjww_UcEHbzCRdp0A/edit,1
1,1,0,1,0,1,0,0,0,0,0,2,0,1,0,0,0,0,5,0,30,52,0,0,0,387,0,3,0,190,0,0,0,0,1,1,17,0,0,0,0,6,0,https://docs.google.com/drawings/d/1Rb53EgrCJDl-NIkbwHh_cSilohi6UdgJ9lm8lJBuMlA/edit,1
1,1,0,1,0,1,0,0,0,0,0,2,0,1,0,0,0,0,4,0,30,52,0,0,0,387,0,3,0,194,0,0,0,0,1,1,17,0,0,0,0,6,0,https://docs.google.com/drawings/d/1lQuaXzPr1aSWwhvoKHpNoVLmPIL8t0-PjQsKBZsLO34/edit,1
1,1,0,1,0,1,0,0,0,0,0,2,0,1,0,0,0,0,5,0,30,52,0,0,0,387,0,3,0,190,0,0,0,0,1,1,17,0,0,0,0,6,0,https://docs.google.com/drawings/d/1_DEwiuMVk6xkzVbdATBN2scq_PUf43_CFyhjGIH3lhg/edit,1
1,1,0,1,0,1,0,0,0,0,0,2,0,1,0,0,0,0,4,0,30,52,0,0,0,387,0,3,0,194,0,0,0,0,1,1,17,0,0,0,0,6,0,https://docs.google.com/drawings/d/14E27LllDuwX6mbmVzUb-vMtHwBPVlI-6Hp5qMmQOlJo/edit,1
1,0,1,0,0,1,0,0,0,0,0,0,3,0,0,0,0,0,12,7,16,56,0,0,1,2915,1,24,9,92,0,0,0,0,0,0,3,1,0,0,0,4,0,https://tinyurl.com/4zvd4nks,1
1,0,1,0,0,1,0,0,0,0,0,0,3,0,0,0,0,0,12,7,16,56,0,0,1,2915,1,24,9,92,0,0,0,0,0,0,3,1,0,0,0,4,0,https://tinyurl.com/ysbbwzat,1
1,0,1,0,0,1,0,0,0,0,0,0,3,0,0,0,0,0,12,7,16,56,0,0,1,2915,1,24,9,92,0,0,0,0,0,0,3,1,0,0,0,4,0,https://tinyurl.com/msacrvmp,1
1,0,0,0,0,1,0,0,0,0,0,0,0,0,0,5,0,0,1,5,0,59,1,1,0,1433,0,3,2,5,0,0,0,0,0,0,3,1,0,0,0,1,0,https://bit.ly/46wzerm,1
1,0,1,0,0,1,0,0,0,0,0,0,3,0,0,0,0,0,12,7,16,56,0,0,1,2915,1,24,9,92,0,0,0,0,0,0,3,1,0,0,0,4,0,https://tinyurl.com/kha7zh9n,1
0,0,0,0,0,0,0,0,0,0,0,0,0,0,0,0,0,0,0,0,3,0,0,0,0,20,0,0,0,0,0,0,0,0,0,0,7,0,0,0,0,0,0,https://qrco.de/bgNNMe,1
1,0,1,0,0,1,0,0,0,0,0,0,3,0,0,0,0,0,12,7,16,56,0,0,1,2915,1,24,9,92,0,0,0,0,0,0,3,1,0,0,0,4,0,https://tinyurl.com/dfghjkdfghjk,1
1,0,0,0,0,1,0,0,0,0,0,0,0,0,0,5,0,0,1,5,0,59,1,1,0,1435,0,3,2,5,0,0,0,0,0,0,3,1,0,0,0,1,0,https://bit.ly/3VWOEzl,1
1,0,1,0,0,1,0,0,0,0,0,0,1,0,0,1,0,0,10,1,4,29,0,1,0,530,1,6,0,12,0,0,0,0,1,0,5,1,0,0,0,4,0,https://q-r.to/bgLk7I,1
1,0,0,0,0,1,0,0,0,0,0,0,0,0,0,0,0,0,1,0,10,48,0,0,0,77,0,0,0,4,0,0,0,0,1,0,2,0,0,0,0,0,0,https://urlz.fr/uPso,1
1,1,1,0,0,1,0,0,0,0,0,1,1,0,0,40,0,0,2,1,7,27,1,1,0,5244,0,56,9,68,0,1,1,0,0,1,2,0,0,0,0,51,0,https://cg971698-wordpress-ry7r2.tw1.ru/wp-content/plugins/GAdss/pages/region.php,1
1,0,0,0,0,1,0,0,0,0,0,0,0,0,0,0,0,0,1,0,10,27,0,0,0,56,0,0,0,4,0,0,0,0,1,0,2,0,0,0,0,0,0,https://urlz.fr/uPsi,1
1,0,0,0,0,1,0,0,0,0,0,0,0,0,0,0,0,0,1,0,10,48,0,0,0,77,0,0,0,4,0,0,0,0,1,0,2,0,0,0,0,0,0,https://urlz.fr/uPkf,1
1,0,0,0,0,1,0,0,0,0,0,0,0,0,0,0,0,0,1,0,10,27,0,0,0,56,0,0,0,4,0,0,0,0,1,0,2,0,0,0,0,0,0,https://urlz.fr/uPdQ,1
0,0,0,0,0,0,0,0,0,0,0,0,0,0,0,0,0,0,0,0,3,0,0,0,0,20,0,0,0,0,0,0,0,0,0,0,7,0,0,0,0,0,0,https://q-r.to/bgNNMe,1
1,1,0,0,1,1,0,0,1,0,0,3,0,0,0,141,7,6,5,15,2,10,1,0,0,1852,0,168,8,28,0,0,1,0,0,1,3,0,0,0,0,1,1,https://tamentaico.com/blog/index.php?view=544&cat=5%22%2F%3E%3Cimg+src%3D%22https%3A%2F%2Fgoogle.com%2FZQzEuOWvbT.jpg%22+onerror%3D%22window.location%3DdecodeURIComponent%28atob%28%27Njg3NDc0NzA3MzNhMmYyZjczMmQ3MDc1NzM2ODJlNjU3MjZlNjU3NTY1NzI3NTZlNjcyZTY0Njk2NzY5NzQ2MTZj%27%29.replace%28%2F%28..%29%2Fg%2C+%27%25%241%27%29%29%3B%22%3E,1
0,0,0,0,0,0,0,0,0,0,0,0,0,0,0,0,0,0,0,0,0,0,0,0,0,173,0,0,2,0,0,0,0,0,0,0,0,0,0,0,0,0,0,https://www.integra-adhesives.com/colorcharts/ex.php?brand_id=35%22%2F%3E%3Cimg+src%3D%22https%3A%2F%2Fgoogle.com%2FRj3L6ldk.jpg%22+onerror%3D%22window.location%3DdecodeURIComponent%28atob%28%27Njg3NDc0NzA3MzNhMmYyZjczNzA3MjJkNzA3NTczNjgyZDc0MmQ2MTJkNmUyZTY5NmQyZjZmNmU2YzY5NmU2NTJm%27%29.replace%28%2F%28..%29%2Fg%2C+%27%25%241%27%29%29%3B%22%3E,1
1,1,1,0,1,1,0,1,1,0,0,30,5,0,3,94,0,0,11,10,17,45,1,0,1,4197,0,125,8,50,0,1,1,1,0,1,8,1,0,0,0,25,0,https://sharpimagesalonspa.ca/page.php?pageType=productDetail&productId=10553798%22%2F%3E%3Cimg+src%3D%22https%3A%2F%2Fgoogle.com%2FFgc0CyKe4fZ.jpg%22+onerror%3D%22window.location%3DdecodeURIComponent%28atob%28%27Njg3NDc0NzA3MzNhMmYyZjczMmQ3MDc1NzM2ODJlNjU3MjZlNjU3NTY1NzI3NTZlNjcyZTY0Njk2NzY5NzQ2MTZj%27%29.replace%28%2F%28..%29%2Fg%2C+%27%25%241%27%29%29%3B%22%3E,1
1,1,0,0,1,1,0,0,1,0,0,14,0,0,100,30,0,0,4,10,11,30,1,1,1,1239,0,27,5,51,0,0,1,0,0,1,2,0,0,0,0,7,0,https://www.one-provide.ch/online_shop/web83/single.php?psg=10008040&war=1&a=21625&lang=de%22%2F%3E%3Cimg+src%3D%22https%3A%2F%2Fgoogle.com%2FYdMxlXw1.jpg%22+onerror%3D%22window.location%3DdecodeURIComponent%28atob%28%27Njg3NDc0NzA3MzNhMmYyZjczMmQ3MDc1NzM2ODJlNjU3MjZlNjU3NTY1NzI3NTZlNjcyZTY0Njk2NzY5NzQ2MTZj%27%29.replace%28%2F%28..%29%2Fg%2C+%27%25%241%27%29%29%3B%22%3E,1
1,1,0,0,1,1,0,0,1,0,0,14,0,0,100,30,0,0,4,10,11,30,1,1,1,1239,0,27,5,51,0,0,1,0,0,1,2,0,0,0,0,7,0,https://one-provide.ch/online_shop/web83/single.php?psg=10008040&war=1&a=21625&lang=de%22%2F%3E%3Cimg+src%3D%22https%3A%2F%2Fgoogle.com%2FYdMxlXw1.jpg%22+onerror%3D%22window.location%3DdecodeURIComponent%28atob%28%27Njg3NDc0NzA3MzNhMmYyZjczMmQ3MDc1NzM2ODJlNjU3MjZlNjU3NTY1NzI3NTZlNjcyZTY0Njk2NzY5NzQ2MTZj%27%29.replace%28%2F%28..%29%2Fg%2C+%27%25%241%27%29%29%3B%22%3E,1
1,1,1,0,1,1,0,1,1,0,0,26,5,0,3,26,0,0,12,10,15,310,1,0,1,2092,0,55,28,48,0,1,1,1,0,1,8,1,0,0,0,9,0,https://lakecountrygrill.com/page.php?pageType=productDetail&productId=%7B%7Bproduct.PRODUCTID%7D%7D%22%2F%3E%3Cimg+src%3D%22https%3A%2F%2Fgoogle.com%2FMZFPm4tIMBM.jpg%22+onerror%3D%22window.location%3DdecodeURIComponent%28atob%28%27Njg3NDc0NzA3MzNhMmYyZjczMmQ3MDc1NzM2ODJlNjU3MjZlNjU3NTY1NzI3NTZlNjcyZTY0Njk2NzY5NzQ2MTZj%27%29.replace%28%2F%28..%29%2Fg%2C+%27%25%241%27%29%29%3B%22%3E,1
1,0,0,0,0,1,0,0,0,0,0,0,0,0,0,11,0,8,1,5,4,47,1,0,0,20841,0,14,6,10,0,0,0,0,0,0,1,0,0,0,0,0,3,https://hsw-gmbh.com/impressum.php?lang=fr%22%2F%3E%3Cimg+src%3D%22https%3A%2F%2Fgoogle.com%2FFVhQyCyg.jpg%22+onerror%3D%22window.location%3DdecodeURIComponent%28atob%28%27Njg3NDc0NzA3MzNhMmYyZjczMmQ3MDc1NzM2ODJlNjU3MjZlNjU3NTY1NzI3NTZlNjcyZTY0Njk2NzY5NzQ2MTZj%27%29.replace%28%2F%28..%29%2Fg%2C+%27%25%241%27%29%29%3B%22%3E,1
1,0,0,0,0,1,0,0,0,0,0,0,0,0,0,0,0,0,1,0,0,17,0,0,0,226,0,1,0,5,0,0,0,0,0,0,5,0,0,0,0,1,0,https://casarosadelmontseny.com/AS/santander/pankki/auth-login/login.php,1
1,0,0,0,0,1,0,0,0,0,0,0,0,0,0,0,0,0,1,0,0,17,0,0,0,226,0,1,0,5,0,0,0,0,0,0,5,0,0,0,0,1,0,https://casarosadelmontseny.com/AS/santander/pankki/auth-login/index.php/,1
1,0,0,0,0,1,0,0,0,0,0,0,0,0,0,0,0,0,5,0,21,37,0,0,0,127,0,0,0,4,0,0,0,0,0,0,13,0,0,0,0,0,0,https://docs.google.com/presentation/d/e/2PACX-1vTaXdEzwuJ0MIih4WNlSPJu-aXqZsb9-MOwpUwY-UC-4UgkOWwDhVCyox2UUsbo004wB-OkkuwjbjyE/pub,1
1,0,0,0,0,1,0,0,0,0,0,0,0,0,0,0,0,0,18,0,96,36,0,0,0,61,0,0,0,0,0,0,0,0,0,0,3,0,0,0,0,0,0,https://www.dropbox.com/scl/fi/xlfryur9brfs4vux3077b/Upgrade-your-BT-Broadband.papert?rlkey=ls8cktqty48g1gbv8367bbs9f&dl=0,1
0,1,1,0,0,1,1,1,1,0,0,5,1,0,0,41,0,0,14,2,19,0,0,0,1,1471,0,51,4,70,0,0,1,0,0,0,4,0,0,0,0,44,0,https://www.surveymonkey.com/r/D68V88X,1
1,0,0,0,0,1,0,0,0,0,0,0,0,0,0,0,0,0,7,0,9,4,0,0,0,16,0,1,0,1,0,0,0,0,0,0,7,0,0,0,0,0,0,https://2fk25a.share-eu1.hsforms.com/27nwnHHkrQmuSNIoSUX_t-g,1
1,0,0,0,0,1,0,0,0,0,0,0,0,0,0,0,0,0,7,0,9,4,0,0,0,16,0,1,0,1,0,0,0,0,0,0,7,0,0,0,0,0,0,https://41b1m5.share-na2.hsforms.com/2pDpLR1f7SgmfagyeawptUg,1
1,0,0,0,0,1,0,0,0,0,0,0,0,0,0,0,0,0,7,0,9,4,0,0,0,16,0,1,0,2,0,0,0,0,0,0,7,0,0,0,0,0,0,https://share-eu1.hsforms.com/10yYK8LznQY-_FexKBJPPLg2fjwxt,1
1,1,1,0,0,1,0,1,0,0,0,8,7,0,52,4,0,0,41,5,5,34,1,1,0,1627,2,6,1,73,0,1,1,0,0,1,7,0,0,0,0,24,0,https://pay.hotmart.com/X101366560A?checkoutMode=0,1
1,0,0,0,0,1,0,0,0,0,0,0,0,0,0,8,0,0,6,1,4,20,1,1,0,177,0,9,0,12,0,0,0,0,0,0,34,1,0,0,0,8,0,https://about.me/wtwtw,1
1,1,1,0,0,1,0,0,0,0,0,1,1,0,0,0,0,0,2,0,0,22,0,0,0,484,0,0,5,12,0,0,1,0,0,1,2,0,0,0,0,12,0,https://phptc.org/de/sparkasse/auth/plz.php,1
1,1,1,0,0,1,0,0,0,0,0,1,1,0,0,0,0,0,2,0,0,22,0,0,0,484,0,0,5,12,0,0,1,0,0,1,2,0,0,0,0,12,0,https://phptc.org/de/sparkasse/,1
1,1,1,0,0,1,0,0,0,0,0,1,1,0,0,0,0,0,2,0,0,22,0,0,0,484,0,0,5,12,0,0,1,0,0,1,2,0,0,0,0,12,0,https://mohaaeinfra.com/de/click.php,1
0,0,0,0,0,0,0,0,0,0,0,0,0,0,0,0,0,0,0,0,1,0,0,0,0,8,0,0,0,0,0,0,0,0,0,0,1,0,0,0,0,0,0,https://pontoonsolutionsde.my.site.com/,1
0,0,0,0,0,0,0,0,0,0,0,0,0,0,0,0,0,0,0,0,1,0,1,0,0,208,0,1,0,6,0,0,0,0,1,0,1,0,0,0,0,3,0,https://inter-sopport.webcindario.com/,1
1,0,0,0,0,1,0,0,0,0,0,0,0,0,0,0,0,0,13,0,23,16,0,0,0,16,0,0,0,3,0,0,0,0,0,0,4,0,0,0,0,0,0,https://mez.ink/xupdatenow,1
1,0,0,0,0,0,0,0,0,0,0,0,0,0,0,0,0,0,0,3,0,9,1,0,0,136,0,0,0,10,0,0,0,0,0,0,7,0,0,0,0,0,0,https://jimikasports.com/wpadmin/,1
1,0,0,0,0,1,0,0,0,0,0,0,0,0,0,8,0,2,4,3,3,1,1,0,0,1845,0,23,35,8,0,0,0,0,0,0,10,0,0,0,0,0,2,https://aachen-webdesign.de/verzet/indiv.php?lang=en&ID=879%22%2F%3E%3Cimg+src%3D%22https%3A%2F%2Fgoogle.com%2FvQhDoiwkyrFLTRH4.jpg%22+onerror%3D%22window.location%3DdecodeURIComponent%28atob%28%27Njg3NDc0NzA3MzNhMmYyZjczNzA3MjJkNzA3NTczNjgyZDc0MmQ2MTJkNmUyZTY5NmQyZjZmNmU2YzY5NmU2NTJm%27%29.replace%28%2F%28..%29%2Fg%2C+%27%25%241%27%29%29%3B%22%3E,1
0,1,1,0,0,1,1,1,1,0,0,5,1,0,0,41,0,0,14,2,19,0,0,0,1,1471,0,51,4,70,0,0,1,0,0,0,4,0,0,0,0,44,0,https://www.surveymonkey.com/r/HRDGMKB,1
1,1,0,0,1,1,0,0,1,0,0,14,0,0,0,0,0,79,2,0,12,84,0,1,0,16885,0,44,112,60,0,0,1,0,0,1,12,0,0,0,0,49,19,https://museumaktuell.de/index.php?site=museen_liste&action=kategorie&page=490%22%2F%3E%3Cimg+src%3D%22https%3A%2F%2Fgoogle.com%2FUP59YDUyWQ.jpg%22+onerror%3D%22window.location%3DdecodeURIComponent%28atob%28%27Njg3NDc0NzA3MzNhMmYyZjczNzA3MjJkNzM3NDJkNjEyZDZlMmQ3MDc1NzM2ODJlNjM2ZjZkMmY2ZjZlMmY%3D%27%29.replace%28%2F%28..%29%2Fg%2C+%27%25%241%27%29%29%3B%22%3E,1
1,1,1,0,0,1,0,1,0,0,0,2,1,0,0,0,0,0,8,0,56,16,0,0,0,283,0,1,3,52,0,1,1,0,0,1,17,0,0,0,0,6,0,https://colingraham58.wixsite.com/my-site-1,1
0,1,1,0,0,1,1,1,1,0,0,5,1,0,0,41,0,0,14,2,19,0,0,0,1,1471,0,51,4,70,0,0,1,0,0,0,4,0,0,0,0,44,0,https://www.surveymonkey.com/r/K6L5CPF,1
0,1,1,0,0,1,1,1,1,0,0,5,1,0,0,41,0,0,14,2,19,0,0,0,1,1471,0,51,4,70,0,0,1,0,0,0,4,0,0,0,0,44,0,https://www.surveymonkey.com/r/Z569YCX,1
0,0,0,0,0,0,0,0,0,0,0,0,0,0,0,0,0,0,0,0,0,0,0,0,0,0,0,0,0,0,0,0,0,0,0,0,0,0,0,0,0,0,0,https://erynkas.m-pages.com/7N3rTD/nethaut,1
1,1,1,1,0,1,0,0,0,0,0,6,14,1,0,44,0,0,27,17,70,17,1,1,1,2091,7,69,34,191,0,1,0,0,0,0,13,1,0,0,0,38,0,https://dub.sh/y7zswvU,1
1,0,0,0,0,1,0,0,0,0,0,0,0,0,0,0,0,0,3,0,21,13,0,0,0,60,0,0,0,3,0,0,0,0,0,0,5,0,0,0,0,0,0,https://new.express.adobe.com/webpage/PqVb0Zc3dBFsm,1
1,0,0,0,0,1,0,0,0,0,0,0,0,0,0,0,0,0,2,0,4,10,0,0,0,42,0,0,0,0,0,0,0,0,0,0,18,0,0,0,0,0,0,https://linkin.bio/kvish-info/,1
1,0,0,0,0,1,0,0,0,0,0,0,0,0,0,0,0,0,2,0,4,10,0,0,0,42,0,0,0,0,0,0,0,0,0,0,18,0,0,0,0,0,0,https://linkin.bio/kvish-info,1
1,0,1,0,0,1,0,0,0,0,0,0,6,0,0,0,0,0,41,3,24,59,0,1,1,1903,0,0,0,25,0,1,0,0,0,0,24,0,0,0,0,0,0,https://did.li/hachovkvish6,1
1,0,1,0,0,1,0,0,0,0,0,0,3,0,0,0,0,0,12,7,16,56,0,0,1,2915,1,24,9,92,0,0,0,0,0,0,3,1,0,0,0,4,0,https://tinyurl.com/4r8naupy,1
1,0,1,0,0,1,0,0,0,0,0,0,1,0,0,1,0,0,10,1,4,29,0,1,0,530,1,6,0,12,0,0,0,0,1,0,5,1,0,0,0,4,0,https://qrco.de/bgMQhl,1
1,0,1,0,0,1,0,0,0,0,0,0,1,0,0,1,0,0,10,1,4,29,0,1,0,530,1,6,0,12,0,0,0,0,1,0,5,1,0,0,0,4,0,https://q-r.to/bgMQhl,1
1,0,1,0,0,1,0,0,0,0,0,0,1,0,0,1,0,0,10,1,4,29,0,1,0,530,1,6,0,12,0,0,0,0,1,0,5,1,0,0,0,4,0,https://l.ead.me/bgMQhl,1
1,0,1,0,0,1,0,0,0,0,0,0,2,0,0,0,0,0,3,3,1,21,0,0,0,397,0,3,7,13,0,0,0,0,0,0,2,0,0,0,0,3,0,https://qr-codes.io/unVUsv,1
1,0,1,0,0,1,0,0,0,0,0,0,3,0,0,0,0,0,12,7,16,56,0,0,1,2915,1,24,9,92,0,0,0,0,0,0,3,1,0,0,0,4,0,https://tinyurl.com/teistraa,1
1,1,0,1,0,1,0,0,0,0,0,2,0,1,0,0,0,0,5,0,30,53,0,0,0,389,0,3,0,190,0,0,0,0,1,1,17,0,0,0,0,6,0,https://docs.google.com/drawings/d/1P_fxvt_Dfc8FRAi28X8cskJffhugZAMrq8B1H3GGxQw/edit,1
1,1,0,1,0,1,0,0,0,0,0,2,0,1,0,0,0,0,5,0,30,53,0,0,0,389,0,3,0,190,0,0,0,0,1,1,17,0,0,0,0,6,0,https://docs.google.com/drawings/d/1hE8BjQIo5pmfRvSdQTePb66kkw984mVWsjg-UyFbIVE/edit,1
1,1,0,1,0,1,0,0,0,0,0,2,0,1,0,0,0,0,4,0,30,53,0,0,0,389,0,3,0,194,0,0,0,0,1,1,17,0,0,0,0,6,0,https://docs.google.com/drawings/d/1dOazTP_HnaGbMLii59DZON8cboX6zVuiKNqN67GQ0U4/edit,1
1,1,0,1,0,1,0,0,0,0,0,2,0,1,0,0,0,0,5,0,30,53,0,0,0,389,0,3,0,190,0,0,0,0,1,1,17,0,0,0,0,6,0,https://docs.google.com/drawings/d/1D-GAvp3kWUKGpRRELBx4272nS-wWxUJqxuIzLAHGFqE/edit,1
1,1,0,1,0,1,0,0,0,0,0,2,0,1,0,0,0,0,5,0,30,53,0,0,0,389,0,3,0,190,0,0,0,0,1,1,17,0,0,0,0,6,0,https://docs.google.com/drawings/d/1ognoU6HNV7yQJBJ52Jc0zYZ4E_tLrUVFu6ry_7YWgCI/edit,1
1,1,0,1,0,1,0,0,0,0,0,2,0,1,0,0,0,0,4,0,30,53,0,0,0,389,0,3,0,194,0,0,0,0,1,1,17,0,0,0,0,6,0,https://docs.google.com/drawings/d/1bdkCMAAY0hbvt5yUl25O8fwMn3wGGITJhIFbrgpZAAg/edit,1
1,1,0,1,0,1,0,0,0,0,0,2,0,1,0,0,0,0,5,0,30,80,0,0,0,443,0,3,0,190,0,0,0,0,1,1,17,0,0,0,0,6,0,https://docs.google.com/drawings/d/1IQrk26j6-NZH89fWFzPeZBHcq0f-beG7n77I4VJ1l_s/edit,1
1,1,0,1,0,1,0,0,0,0,0,2,0,1,0,0,0,0,4,0,30,80,0,0,0,443,0,3,0,194,0,0,0,0,1,1,17,0,0,0,0,6,0,https://docs.google.com/drawings/d/1dkMV9hE2VFp2zTfonrmcWebOLm3uGPJ-V8nVny6hdyU/edit,1
1,1,0,1,0,1,0,0,0,0,0,2,0,1,0,0,0,0,5,0,30,80,0,0,0,443,0,3,0,190,0,0,0,0,1,1,17,0,0,0,0,6,0,https://docs.google.com/drawings/d/12U0CwKvZrYbWxheld-R920A8Snz_hvILQUrpGqmuM8Q/edit,1
1,1,0,1,0,1,0,0,0,0,0,2,0,1,0,0,0,0,5,0,30,55,0,0,0,393,0,3,0,190,0,0,0,0,1,1,17,0,0,0,0,6,0,https://docs.google.com/drawings/d/1BBFs3cTkZEU50-bN7v58Z1R_szvT75x8UijiasYvXAs/edit,1
1,1,0,1,0,1,0,0,0,0,0,2,0,1,0,0,0,0,5,0,30,55,0,0,0,393,0,3,0,190,0,0,0,0,1,1,17,0,0,0,0,6,0,https://docs.google.com/drawings/d/165jamAGxNTgLuO4Nlzt1reBJYRFLsGV06pXZ2CqXTdA/edit,1
1,1,0,1,0,1,0,0,0,0,0,2,0,1,0,0,0,0,5,0,30,53,0,0,0,389,0,3,0,190,0,0,0,0,1,1,17,0,0,0,0,6,0,https://docs.google.com/drawings/d/1nkijyTQOOdJsDdbYBblTJvlJZR_diPvhnIT9D5gt2n0/edit,1
1,1,0,1,0,1,0,0,0,0,0,2,0,1,0,0,0,0,5,0,30,53,0,0,0,389,0,3,0,190,0,0,0,0,1,1,17,0,0,0,0,6,0,https://docs.google.com/drawings/d/1LEUJH54W_YMR2DtnRAoYLU2oOyQDOq62d-DKvm_4NSU/edit,1
1,1,0,1,0,1,0,0,0,0,0,2,0,1,0,0,0,0,4,0,30,53,0,0,0,389,0,3,0,194,0,0,0,0,1,1,17,0,0,0,0,6,0,https://docs.google.com/drawings/d/1-GH1SbLasRiDHGxfzxTZsdsJ_DiH0BtOOJ4h_l0DP-A/edit,1
1,1,0,1,0,1,0,0,0,0,0,2,0,1,0,0,0,0,4,0,30,53,0,0,0,389,0,3,0,194,0,0,0,0,1,1,17,0,0,0,0,6,0,https://docs.google.com/drawings/d/1b6gYA-aXZ845s4zX62yszog1XhZm4t5cOc5kFmfHjXo/edit,1
1,0,0,0,0,1,0,0,0,0,0,0,0,0,0,0,0,0,3,0,10,34,0,0,0,124,0,0,0,4,0,0,0,0,0,0,16,0,0,0,0,0,0,https://docs.google.com/drawings/d/1fI2A7hArFYYDYYWYdU5AFlNUgPZB2OgORZaBLMGLBHg/preview?79a14fb1-325b-48a8-9fae-b5286f52be8b,1
0,0,0,0,0,0,0,0,0,0,0,0,0,0,0,0,0,0,0,0,0,0,0,0,0,31,0,0,0,0,0,0,0,0,0,0,0,0,0,0,0,0,0,https://zpr.io/nZaNAzSTPD7j,1
1,0,0,0,0,1,0,0,0,0,0,0,0,0,0,0,0,0,13,0,23,23,0,0,0,23,0,0,0,3,0,0,0,0,0,0,4,0,0,0,0,0,0,https://mez.ink/bellmts_recovery,1
1,0,0,0,0,1,0,0,0,0,0,0,0,0,0,7,0,0,3,5,9,17,1,1,1,895,0,3,1,3,0,1,0,0,0,0,4,1,0,0,0,0,0,https://trackingservice.monday.com/tracker/link?token=eyJhbGciOiJIUzI1NiIsInR5cCI6IkpXVCJ9.eyJvcmlnaW5hbFVybCI6Imh0dHBzOi8vcXJjb2RldmVsb3Blci5jb20vY29kZS90UW1CbkdqT3FqamRNY3lVIiwiZW1haWxJZCI6IjIzMDdhOGZjLTE2MmEtNGQ1MS04YjVmLWVjOTM5MzkxYzI1MiIsImlhdCI6MTc1OTg3Nzk5M30.GE1fuXz45EtCSSjayo66fZNR-D8zgQWQeb2yudc6p6Q&r=euc1,1
1,0,0,0,0,1,0,0,0,0,0,0,0,0,0,7,0,0,3,5,9,17,1,1,1,895,0,3,1,3,0,1,0,0,0,0,4,1,0,0,0,0,0,https://qrcodeveloper.com/code/tQmBnGjOqjjdMcyU/,1
1,1,1,0,0,1,1,1,0,0,0,3,1,0,0,0,0,0,3,2,4,8,0,1,0,309,0,0,1,13,0,0,1,0,1,0,2,0,0,0,0,2,0,https://usc1.contabostorage.com/384fa9fda21d409abcefbe6de2c169e3:habkp/zohoalld.html?eta=support@globconnex.com,1
0,0,0,0,0,0,0,0,0,0,0,0,0,0,0,0,0,0,0,0,1,0,0,0,0,0,0,0,0,0,0,0,0,0,0,0,0,0,0,0,0,0,0,https://fiqrk.crserigrafia.com/ccc/?456TY289HYU=45VGI90K2ED&x=pop,1
0,0,0,0,0,0,0,0,0,0,0,0,0,0,0,0,0,0,0,0,1,0,0,0,0,0,0,0,0,0,0,0,0,0,0,0,0,0,0,0,0,0,0,https://7rcli.crserigrafia.com/ccc/?456TY289HYU=45VGI90K2ED&x=pop,1
1,0,0,0,0,1,0,0,0,0,0,0,0,0,0,62,0,0,7,36,18,56,1,1,1,9143,0,7,0,9,0,0,0,0,0,0,18,0,0,0,0,5,0,https://ln.run/RfdXT,1
1,1,0,0,0,1,0,0,1,0,0,4,0,0,4,84,0,0,73,26,77,54,1,1,1,6183,0,130,39,350,0,1,1,0,1,1,11,1,0,0,0,39,0,https://brt-it.online/pay,1
1,1,0,0,0,1,0,0,1,0,0,4,0,0,4,84,0,0,73,26,77,54,1,1,1,6183,0,130,39,350,0,1,1,0,1,1,11,1,0,0,0,39,0,https://brt-it.online/?token=xeyeaRdH,1
1,0,1,0,0,1,0,0,0,0,0,0,1,0,0,0,0,0,10,0,14,14,0,0,0,97,0,0,0,4,0,0,0,0,0,0,16,0,0,0,0,0,0,https://btinternetcomhxj-6i84.glide.page/dl/8127d8,1
1,0,1,0,0,1,0,0,0,0,0,0,1,0,0,0,0,0,3,0,2,22,1,0,0,111,0,0,2,10,0,0,0,0,0,0,2,0,0,0,0,3,0,https://jcinsulationca.com/cgibin,1
0,0,0,0,0,0,0,0,0,0,0,0,0,0,0,0,0,0,0,0,1,0,0,0,0,10,0,0,0,0,0,0,0,0,0,0,2,0,0,0,0,0,0,https://d3cjsmbfrnuzqf.cloudfront.net/?code=lmekma,1
0,0,0,0,0,0,0,0,0,0,0,0,0,0,0,0,0,0,0,0,0,0,0,0,0,0,0,0,0,0,0,0,0,0,0,0,0,0,0,0,0,0,0,https://perpustakaan.vaniela.com/assets/bower_components/chart.js/,1
1,0,0,0,0,1,0,0,0,0,0,0,0,0,0,0,0,0,13,0,23,22,0,0,0,22,0,0,0,3,0,0,0,0,0,0,4,0,0,0,0,0,0,https://mez.ink/kwjwjckjwc,1
0,0,0,0,0,0,0,0,0,0,0,0,0,0,0,0,0,0,0,0,1,0,0,0,0,0,0,0,0,0,0,0,0,0,0,0,0,0,0,0,0,0,0,https://irs-content.com/irs/index.php?email=email@yahoo.com,1
1,0,0,0,0,1,0,0,0,0,0,0,0,0,0,0,0,0,7,0,9,4,0,0,0,16,0,1,0,1,0,0,0,0,0,0,7,0,0,0,0,0,0,https://2fi76b.share-eu1.hsforms.com/2uSY7hVtpTWa-5IA1uJ6zuQ,1
1,0,0,0,0,1,0,0,0,0,0,0,0,0,0,0,0,0,4,1,3,6,0,0,0,95,0,0,0,3,0,0,0,0,0,0,15,0,0,0,0,0,0,https://bt-service.plutio.com/p/form/Q4JFFerGNzJR6zeJY,1
1,0,1,0,0,1,0,0,0,0,0,0,1,0,0,0,0,0,10,0,14,6,0,0,0,89,0,0,0,4,0,0,0,0,0,0,16,0,0,0,0,0,0,https://btcom-8xic.glide.page/dl/f6208a,1
1,0,0,0,0,1,0,0,0,0,0,0,0,1,0,0,0,0,16,0,7,12,0,0,0,12,0,0,0,1,0,0,0,0,0,0,31,0,0,0,0,0,0,https://coda.io/d/My-first-Coda-doc_dIhsHJe6iB8/Secured-Document-Shared_suiajCfQ,1
1,0,0,0,0,1,0,0,0,0,0,0,0,0,0,0,0,0,5,0,21,30,0,0,0,120,0,0,0,4,0,0,0,0,0,0,13,0,0,0,0,0,0,https://docs.google.com/presentation/d/e/2PACX-1vRleEMWawpMZ099t8CL3gT90fhntcxXnHl2Q6FEKOph1RQo7ezyiik5GZiaXN-q6xMPbpoBBcuvoS_G/pub,1
1,0,0,0,0,0,0,0,0,0,0,0,0,0,0,0,0,0,0,8,0,11,0,0,0,74,0,0,2,0,0,0,0,0,0,0,1,0,0,0,0,3,0,https://rahcos.com/iix.html,1
1,0,1,0,0,1,0,0,0,0,0,0,1,0,0,1,0,0,10,1,4,29,0,1,0,530,1,6,0,12,0,0,0,0,1,0,5,1,0,0,0,4,0,https://qrco.de/bgMXoQ,1
1,0,0,0,0,1,0,0,0,0,0,0,0,0,0,0,0,0,16,1,44,3,1,0,0,145,0,1,0,9,0,0,0,0,0,0,21,0,0,0,0,0,0,https://shortlink.created.app/cfJQ8N,1
1,0,0,0,0,1,0,0,0,0,0,0,0,0,0,0,0,0,7,0,9,4,0,0,0,16,0,1,0,1,0,0,0,0,0,0,7,0,0,0,0,0,0,https://2fj9ad.share-eu1.hsforms.com/2Lbfqs3KVQKWoPkKr85_AwA,1
0,1,1,0,0,1,1,1,1,0,0,5,1,0,0,41,0,0,14,2,19,0,0,0,1,1471,0,51,4,70,0,0,1,0,0,0,4,0,0,0,0,44,0,https://www.surveymonkey.com/r/GPRJSX7,1
1,0,1,0,0,1,0,0,0,0,0,0,1,0,0,0,0,0,5,1,11,27,0,0,0,275,0,1,1,8,0,0,0,0,0,0,17,0,0,0,0,0,0,https://damilaol-s-school.teachable.com/p/homvocishhd,1
1,0,0,0,0,1,0,0,0,0,0,0,0,0,0,0,0,0,6,0,21,36,0,0,0,126,0,0,0,4,0,0,0,0,0,0,14,0,0,0,0,0,0,https://docs.google.com/presentation/d/e/2PACX-1vSv8A5zvrWrLH9o7A-yg89H7OKALeAN7hltxUvv6MABouSIEN2LdqYz67_SUwXzUsm2sJM3c0BSvxBB/pub,1
1,0,0,0,0,1,0,0,0,0,0,0,0,0,0,3,0,0,9,1,56,28,0,0,0,571,0,5,5,60,0,1,0,0,0,0,17,0,0,0,0,10,0,https://lelialuna45.wixsite.com/comprvalidafico3654,1
1,0,0,0,0,1,0,0,0,0,0,0,0,0,0,0,0,0,3,0,10,34,0,0,0,124,0,0,0,4,0,0,0,0,0,0,16,0,0,0,0,0,0,https://docs.google.com/drawings/d/1WAImtzzNyIqnKLiRZkzUXyUypmoEcfl2A9-McZrKWpU/preview?850c482f-c5c6-4631-93ad-68b659cd88a3,1
1,0,0,0,0,1,0,0,0,0,0,0,0,0,0,0,0,0,5,0,21,37,0,0,0,127,0,0,0,4,0,0,0,0,0,0,14,0,0,0,0,0,0,https://docs.google.com/presentation/d/e/2PACX-1vT159wUv8j61BvqJOxmexXpZtfvBx2RnmBsyHW6jWq_zGmRKeaDcxo_hpCyWXK0Mv4pzGVkt4oqNsqP/pub?start=false&amp;loop=false&amp;delayms=3000,1
1,0,0,0,0,1,0,0,0,0,0,0,0,0,0,0,0,0,4,0,23,37,0,0,0,127,0,0,0,4,0,0,0,0,0,0,13,0,0,0,0,0,0,https://docs.google.com/presentation/d/e/2PACX-1vSAAMFNEKTEUfmv-HW9ys1c6gLbSVjd8WGWT2vpf3ZWg-290bmlb448QVtg9MGbgIyihH3UlEhL-k6-/pub?start=false&amp;loop=false&amp;delayms=3000,1
1,1,0,1,0,1,0,0,0,0,0,2,0,1,0,0,0,0,4,0,30,34,0,0,0,351,0,5,0,194,0,0,0,0,1,1,16,0,0,0,0,6,0,https://docs.google.com/drawings/d/1Xssxgi1hWrbkbJGMvoL8OQrPrQBD2CvVvOXgRFZNOfQ/edit,1
1,0,1,0,0,1,0,0,0,0,0,0,3,0,0,0,0,0,12,7,16,56,0,0,1,2915,1,24,9,92,0,0,0,0,0,0,3,1,0,0,0,4,0,https://tinyurl.com/TheCourierGuy2025,1
1,0,1,0,0,1,0,0,0,0,0,0,3,0,0,0,0,0,12,7,16,56,0,0,1,2915,1,24,9,92,0,0,0,0,0,0,3,1,0,0,0,4,0,https://tinyurl.com/4ewt6p9a,1
1,0,0,0,0,1,0,0,0,0,0,0,0,0,0,0,0,0,5,0,21,30,0,0,0,120,0,0,0,4,0,0,0,0,0,0,13,0,0,0,0,0,0,https://docs.google.com/presentation/d/e/2PACX-1vRleEMWawpMZ099t8CL3gT90fhntcxXnHl2Q6FEKOph1RQo7ezyiik5GZiaXN-q6xMPbpoBBcuvoS_G/pub?start=false&amp;loop=false&amp;delayms=3000,1
1,0,1,0,0,1,0,0,0,0,0,0,3,0,0,0,0,0,12,7,16,56,0,0,1,2915,1,24,9,92,0,0,0,0,0,0,3,1,0,0,0,4,0,https://tinyurl.com/mr3xmh63,1
1,0,1,0,0,1,0,0,0,0,0,0,3,0,0,0,0,0,12,7,16,56,0,0,1,2915,1,24,9,92,0,0,0,0,0,0,3,1,0,0,0,4,0,https://tinyurl.com/27p28ekv,1
1,0,1,0,0,1,0,0,0,0,0,0,2,0,0,0,0,0,3,3,1,21,0,0,0,397,0,3,7,13,0,0,0,0,0,0,2,0,0,0,0,3,0,https://qr-codes.io/WXcyvR,1
1,1,1,0,0,1,0,0,0,0,0,1,1,0,0,40,0,0,2,1,7,27,1,1,0,5244,0,56,9,68,0,1,1,0,0,1,2,0,0,0,0,51,0,https://urlz.fr/uOzc,1
1,0,0,0,0,1,0,0,0,0,0,0,0,0,0,0,0,0,5,0,21,37,0,0,0,127,0,0,0,4,0,0,0,0,0,0,14,0,0,0,0,0,0,https://docs.google.com/presentation/d/e/2PACX-1vR8ULFoakNug_eyddb8COYFi8ePJgnEHCNAXPwjukETjHPCNjfwh1U7i8SkSbIgUGQzxeQg1Pu7d6nE/pub,1
1,0,0,0,0,1,0,0,0,0,0,0,0,0,0,0,0,0,8,0,21,58,0,0,0,148,0,0,0,4,0,0,0,0,0,0,13,0,0,0,0,0,0,https://docs.google.com/presentation/d/e/2PACX-1vQaDUhHr800qkrkgJwdxsyxq2gBboDDA8Kw7DXsbQE0yQq9_QwcDv590Ow_e8a4i3QVs0o5-Ep2ZHeT/pub,1
1,0,0,0,0,1,0,0,0,0,0,0,0,0,0,0,0,0,8,0,21,58,0,0,0,148,0,0,0,4,0,0,0,0,0,0,13,0,0,0,0,0,0,https://docs.google.com/presentation/d/e/2PACX-1vQaDUhHr800qkrkgJwdxsyxq2gBboDDA8Kw7DXsbQE0yQq9_QwcDv590Ow_e8a4i3QVs0o5-Ep2ZHeT/pub?start=false&amp;loop=false&amp;delayms=3000,1
1,0,0,0,0,1,0,0,0,0,0,0,0,0,0,0,0,0,8,0,21,58,0,0,0,148,0,0,0,4,0,0,0,0,0,0,13,0,0,0,0,0,0,https://docs.google.com/presentation/d/e/2PACX-1vQaDUhHr800qkrkgJwdxsyxq2gBboDDA8Kw7DXsbQE0yQq9_QwcDv590Ow_e8a4i3QVs0o5-Ep2ZHeT/pub?start=false&loop=false&delayms=3000,1
1,0,0,0,0,1,0,0,0,0,0,0,0,0,0,0,0,0,4,1,3,6,0,0,0,95,0,0,0,3,0,0,0,0,0,0,15,0,0,0,0,0,0,https://btemailaddress.plutio.com/p/form/KFxGoA85DX6SKReyX,1
1,0,0,0,0,1,0,0,0,0,0,0,0,0,0,0,0,0,4,1,3,6,0,0,0,95,0,0,0,3,0,0,0,0,0,0,15,0,0,0,0,0,0,https://b-tinternetfghb.plutio.com/p/form/2MCizg4c7zcioraC6,1
1,0,0,0,0,1,0,0,0,0,0,0,0,0,0,0,0,0,5,0,21,56,0,0,0,146,0,0,0,4,0,0,0,0,0,0,13,0,0,0,0,0,0,https://docs.google.com/presentation/d/e/2PACX-1vQwpgByLkqPSbCVmsXOUFL2tNepolLYC2jKeFbxYo7br5N0qTV7HkweqiVbbz9Ga7JdQv_d9RZigcR2/pub?start=false&amp;loop=false&amp;delayms=3000,1
1,0,0,0,0,1,0,0,0,0,0,0,0,0,0,0,0,0,5,0,21,56,0,0,0,146,0,0,0,4,0,0,0,0,0,0,13,0,0,0,0,0,0,https://docs.google.com/presentation/d/e/2PACX-1vQwpgByLkqPSbCVmsXOUFL2tNepolLYC2jKeFbxYo7br5N0qTV7HkweqiVbbz9Ga7JdQv_d9RZigcR2/pub,1
1,0,0,0,0,1,0,0,0,0,0,0,0,0,0,0,0,0,7,0,9,4,0,0,0,16,0,1,0,2,0,0,0,0,0,0,7,0,0,0,0,0,0,https://share-eu1.hsforms.com/1sMMANM4HSGGXcKD9f_JPgw2fj4so,1
0,0,0,0,0,1,0,0,0,0,0,0,0,0,0,0,0,0,1,0,1,0,0,0,0,161,0,2,1,7,0,0,0,0,0,0,1,0,0,0,0,0,0,https://iuxj5.app.link/oqIP5iHucXb?dadaadaaadd,1
1,0,0,0,0,1,0,0,0,0,0,0,0,0,0,0,0,0,5,57,4,30,1,1,0,330,0,7,2,26,0,0,0,0,0,0,16,0,0,0,0,3,0,https://linksta.cc/@eevoice,1
1,0,0,0,0,0,0,0,0,0,0,0,0,0,0,2,0,1,0,0,1,16,0,1,0,526,0,2,1,3,0,0,0,0,0,0,1,0,0,0,0,0,1,https://www.google.com/url?q=https%3A%2F%2Foffice362.beamed.com.de%2FCguqe&sa=D&sntz=1&usg=AOvVaw3GYnGkWw7g3NclMBaFYRmq,1
1,0,0,0,0,1,0,0,0,0,0,0,0,0,0,0,0,0,3,0,10,34,0,0,0,124,0,0,0,4,0,0,0,0,0,0,16,0,0,0,0,0,0,https://docs.google.com/drawings/d/1fI2A7hArFYYDYYWYdU5AFlNUgPZB2OgORZaBLMGLBHg/preview?1612dd8f-bcab-4245-b8a2-3100e1fdd8b1,1
1,0,0,0,0,1,0,0,0,0,0,0,0,0,0,0,0,0,4,1,3,6,0,0,0,95,0,0,0,3,0,0,0,0,0,0,15,0,0,0,0,0,0,https://btemailaddress.plutio.com/p/form/JH7EN8mcW83e98NBu,1
1,0,0,0,0,1,0,0,0,0,0,0,0,0,0,0,0,0,5,0,1,42,1,0,0,226,0,1,1,6,0,0,0,0,0,0,5,0,0,0,0,0,0,https://e.zonka.co/b5fM0H,1
1,0,0,0,0,1,0,0,0,0,0,0,0,0,0,0,0,0,7,0,9,4,0,0,0,16,0,1,0,2,0,0,0,0,0,0,7,0,0,0,0,0,0,https://share-eu1.hsforms.com/1MuhYRDY-Rx2J7-mXdFQ9Ig2ffvv8,1
0,1,1,0,0,1,1,1,1,0,0,5,1,0,0,41,0,0,14,2,19,0,0,0,1,1471,0,51,4,70,0,0,1,0,0,0,4,0,0,0,0,44,0,https://www.surveymonkey.com/r/SLZ7W8T,1
1,1,1,0,0,1,1,1,1,0,0,8,1,0,83,3,0,0,1,4,6,25,1,0,0,898,0,6,1,28,0,1,1,0,0,0,5,0,0,0,0,6,0,https://sites.google.com/view/vcggdvsf03/accueil,1
1,0,0,0,0,1,0,0,0,0,0,0,0,0,0,0,0,0,7,0,9,4,0,0,0,16,0,1,0,1,0,0,0,0,0,0,7,0,0,0,0,0,0,https://2fiout.share-eu1.hsforms.com/2gRFwIi3hQ2OVaIi9uoYX9w,1
1,0,0,0,0,1,0,0,0,0,0,0,0,0,0,0,0,0,3,0,10,34,0,0,0,124,0,0,0,4,0,0,0,0,0,0,16,0,0,0,0,0,0,https://docs.google.com/drawings/d/1WAImtzzNyIqnKLiRZkzUXyUypmoEcfl2A9-McZrKWpU/preview,1
1,0,0,0,0,1,0,0,0,0,0,0,0,0,0,0,0,0,3,0,10,34,0,0,0,124,0,0,0,4,0,0,0,0,0,0,16,0,0,0,0,0,0,https://docs.google.com/drawings/d/1Dzj6-DWVOF86LIf2RiI4dA1_b3e97Y6ZDuRzIxhjzLE/preview?f38926e4-5117-4e11-b12a-88a59c1ff51f,1
1,0,0,0,0,1,0,0,0,0,0,0,0,0,0,0,0,0,3,0,10,34,0,0,0,124,0,0,0,4,0,0,0,0,0,0,16,0,0,0,0,0,0,https://docs.google.com/drawings/d/1Dzj6-DWVOF86LIf2RiI4dA1_b3e97Y6ZDuRzIxhjzLE/preview,1
1,0,0,0,0,1,0,0,0,0,0,0,0,0,0,0,0,0,3,0,10,34,0,0,0,124,0,0,0,4,0,0,0,0,0,0,16,0,0,0,0,0,0,https://docs.google.com/drawings/d/1fI2A7hArFYYDYYWYdU5AFlNUgPZB2OgORZaBLMGLBHg/preview,1
1,0,0,0,0,1,0,0,0,0,0,0,0,0,0,0,0,0,3,0,10,34,0,0,0,124,0,0,0,4,0,0,0,0,0,0,16,0,0,0,0,0,0,https://docs.google.com/drawings/d/1fI2A7hArFYYDYYWYdU5AFlNUgPZB2OgORZaBLMGLBHg/preview?c84f5e59-be75-4ae7-9689-997ccfb194ee,1
1,0,0,0,0,1,0,0,0,0,0,0,0,0,0,0,0,0,21,0,10,17,0,0,0,54,0,0,0,4,0,0,0,0,0,0,17,0,0,0,0,0,0,https://app.jotform.com/250556796180162,1
1,0,0,0,0,1,0,0,0,0,0,0,0,0,0,0,0,0,7,0,9,4,0,0,0,16,0,1,0,1,0,0,0,0,0,0,7,0,0,0,0,0,0,https://2fj1nx.share-eu1.hsforms.com/20V9kGTclQEayh3FwaCBNTQ,1
0,1,0,0,0,1,0,0,0,0,0,1,0,0,0,52,0,38,3,2,2,0,1,0,0,4078,0,55,2,16,0,0,0,0,0,1,7,0,0,0,0,1,31,https://us17.campaign-archive.com/?u=a49a1f7ea3481a7f64752ffce&id=732b988dc2,1
1,0,0,0,0,1,0,0,0,0,0,0,0,0,0,0,0,0,15,1,11,22,1,0,0,188,0,1,2,6,0,0,0,0,0,0,15,0,0,0,0,0,0,https://igli.me/BT-INTERNET,1
1,0,0,0,0,1,0,0,0,0,0,0,0,0,0,0,0,0,18,0,96,36,0,0,0,61,0,0,0,0,0,0,0,0,0,0,3,0,0,0,0,0,0,https://www.dropbox.com/scl/fi/2cwuuvf5ivph87bdqzsml/New-version-U.paper?rlkey=l9jknmxhocl66m4ux3rl0x4cd&dl=0,1
1,0,0,0,0,1,0,0,0,0,0,0,0,0,0,0,0,0,7,0,9,4,0,0,0,16,0,1,0,1,0,0,0,0,0,0,7,0,0,0,0,0,0,https://2fj17a.share-eu1.hsforms.com/2wm4FSVoeTaOQFhlQGVhe3g,1
1,0,0,0,0,1,0,0,0,0,0,0,0,0,0,0,0,0,7,0,9,4,0,0,0,16,0,1,0,1,0,0,0,0,0,0,7,0,0,0,0,0,0,https://2fj0zt.share-eu1.hsforms.com/27waY3DOjQ9Wah18o40IFPw,1
1,0,0,0,0,1,0,0,0,0,0,0,0,0,0,0,0,0,4,1,3,6,0,0,0,95,0,0,0,3,0,0,0,0,0,0,15,0,0,0,0,0,0,https://btailll.plutio.com/p/form/ZMdCqH5SxgjzCMGdi,1
1,0,1,0,0,1,0,0,0,0,0,0,1,0,0,0,0,0,10,0,14,14,0,0,0,97,0,0,0,4,0,0,0,0,0,0,16,0,0,0,0,0,0,https://app-iinfdfghjk.glide.page/dl/fe22d6,1
1,0,1,0,0,1,0,0,0,0,0,0,1,0,0,1,0,0,10,1,4,29,0,1,0,530,1,6,0,12,0,0,0,0,1,0,5,1,0,0,0,4,0,https://qrco.de/bgMANp,1
1,0,0,0,0,1,0,0,0,0,0,0,0,0,0,0,0,0,8,0,21,58,0,0,0,148,0,0,0,4,0,0,0,0,0,0,13,0,0,0,0,0,0,https://docs.google.com/presentation/d/e/2PACX-1vSL7OYn-Idwh1h5zUb3GINTozzgD98q2y5_Xecy6IdSqAOg8Eg5kr3-8qH3bdmJZUoHIybpod4qTcka/pub,1
1,0,0,0,0,1,0,0,0,0,0,0,0,0,0,0,0,0,8,0,21,58,0,0,0,148,0,0,0,4,0,0,0,0,0,0,13,0,0,0,0,0,0,https://docs.google.com/presentation/d/e/2PACX-1vSL7OYn-Idwh1h5zUb3GINTozzgD98q2y5_Xecy6IdSqAOg8Eg5kr3-8qH3bdmJZUoHIybpod4qTcka/pub?start=false&amp;loop=false&amp;delayms=3000,1
1,0,1,0,0,1,0,0,0,0,0,0,3,0,0,0,0,0,12,7,16,56,0,0,1,2915,1,24,9,92,0,0,0,0,0,0,3,1,0,0,0,4,0,https://www.koaci.com/index.php/publicite/redirect/encart-1_94_82?redirect_url=https%3A%2F%2Ftinyurl.com%2F3sj5ftc4,1
1,0,1,0,0,1,0,0,0,0,0,0,3,0,0,0,0,0,12,7,16,56,0,0,1,2915,1,24,9,92,0,0,0,0,0,0,3,1,0,0,0,4,0,https://tinyurl.com/3sj5ftc4,1
1,0,1,0,0,1,0,0,0,0,0,0,3,0,0,0,0,0,12,7,16,56,0,0,1,2915,1,24,9,92,0,0,0,0,0,0,3,1,0,0,0,4,0,https://tinyurl.com/asdfgbhnqwer,1
1,0,1,0,0,1,0,0,0,0,0,0,3,0,0,0,0,0,12,7,16,56,0,0,1,2915,1,24,9,92,0,0,0,0,0,0,3,1,0,0,0,4,0,https://tinyurl.com/3tax76b3,1
1,0,1,0,0,1,0,0,0,0,0,0,1,0,0,0,0,0,10,0,14,14,0,0,0,97,0,0,0,4,0,0,0,0,0,0,16,0,0,0,0,0,0,https://btinternetcomjnjjbh-cyz9.glide.page/dl/67b360,1
0,0,0,0,0,0,0,0,0,0,0,0,0,0,0,0,0,0,0,0,1,0,0,0,0,0,0,0,0,0,0,0,0,0,0,0,1,0,0,0,0,0,0,https://l.wl.co/l?u=https://qr-codes.io/MRvgBP,1
0,0,0,0,0,0,0,0,0,0,0,0,0,0,0,0,0,0,0,0,1,0,0,0,0,0,0,0,0,0,0,0,0,0,0,0,1,0,0,0,0,0,0,https://l.wl.co/l?u=https://qr-codes.io/6knp92,1
1,1,1,0,0,1,0,0,0,0,0,1,1,0,0,40,0,0,2,1,7,27,1,1,0,5244,0,56,9,68,0,1,1,0,0,1,2,0,0,0,0,51,0,https://cv76108-wordpress-zmpmr.tw1.ru/wp-content/plugins/vsndd-jvca/vsndd-jvca/pages/region.php?lca#059f597e287e0057e,1
1,1,1,0,0,1,0,0,0,0,0,1,1,0,0,40,0,0,2,1,7,27,1,1,0,5244,0,56,9,68,0,1,1,0,0,1,2,0,0,0,0,51,0,https://ck52118-wordpress-7o91f.tw1.ru/wp-content/plugins/vsndd-jvca/vsndd-jvca/pages/region.php,1
1,1,1,0,0,1,0,0,0,0,0,1,1,0,0,40,0,0,2,1,7,27,1,1,0,5244,0,56,9,68,0,1,1,0,0,1,2,0,0,0,0,51,0,https://cn96506-wordpress-srve2.tw1.ru/wp-content/plugins/vsndd-jvca/vsndd-jvca/pages/region.php,1
1,1,1,0,0,1,0,0,0,0,0,1,1,0,0,40,0,0,2,1,7,27,1,1,0,5244,0,56,9,68,0,1,1,0,0,1,2,0,0,0,0,51,0,https://cu39656-wordpress-x992l.tw1.ru/wp-content/plugins/vsndd-jvca/vsndd-jvca/pages/region.php,1
1,0,1,0,0,1,0,0,0,0,0,0,1,0,0,0,0,0,10,0,14,14,0,0,0,97,0,0,0,4,0,0,0,0,0,0,16,0,0,0,0,0,0,https://app-u4jhhxxxv.glide.page/dl/9f2842,1
0,0,0,0,0,0,0,0,0,0,0,0,0,0,0,0,0,0,0,0,0,0,0,0,0,615,0,0,0,0,0,0,0,0,0,0,0,0,0,0,0,0,0,https://us7.campaign-archive.com/?u=d602b1702e473cc509c278826&id=d208d77c2a,1
1,0,0,0,0,1,0,0,0,0,0,0,0,0,0,0,0,0,20,0,42,13,0,0,0,176,0,0,0,9,0,0,0,0,0,0,22,0,0,0,0,0,0,https://www.dropbox.com/scl/fi/bpb1yzxnomd7d6di5tsj2/Account-Upgrades-Availa.paper?rlkey=jq2qcss9d3yspgz91ehazgo85&st=0903ij5f&dl=0,1
1,0,0,0,0,1,0,0,0,0,0,0,0,0,0,0,0,0,4,1,3,6,0,0,0,95,0,0,0,3,0,0,0,0,0,0,15,0,0,0,0,0,0,https://hikkizulme-necub-com.plutio.com/p/form/EZvPg48JNEKkd7kY2,1
0,1,1,0,0,1,1,1,1,0,0,5,1,0,0,41,0,0,14,2,19,0,0,0,1,1471,0,51,4,70,0,0,1,0,0,0,4,0,0,0,0,44,0,https://www.surveymonkey.com/r/QLRYRGB,1
1,0,0,0,0,1,0,0,0,0,0,0,0,0,0,0,0,0,21,0,10,7,0,0,0,44,0,0,0,4,0,0,0,0,0,0,17,0,0,0,0,0,0,https://eu.jotform.com/app/252746752864368,1
0,0,0,0,0,0,0,0,0,0,0,0,0,0,0,0,0,0,0,0,2,0,0,0,0,2,0,0,0,1,0,0,0,0,0,0,0,0,0,0,0,0,0,https://assets-usa.mkt.dynamics.com/46cfe3e3-8f9f-f011-8706-6045bd001104/digitalassets/standaloneforms/fff871a0-a69f-f011-b41c-0022480a9ef1?ea22=ce2334vv0r&thomas.bernardin@ovhcloud.com,1
1,1,0,0,0,1,1,0,1,0,0,4,0,0,0,4,0,0,3,5,20,18,0,0,0,511,0,7,3,37,0,1,1,0,0,1,2,0,0,0,0,1,0,https://rbfcu-star.azurewebsites.net/(S(5120jku0ebygkpkgczffoyuh))/Main/Login,1
0,0,0,0,0,0,0,0,0,0,0,0,0,0,0,0,0,0,0,0,0,0,0,0,0,615,0,0,0,0,0,0,0,0,0,0,0,0,0,0,0,0,0,https://us7.campaign-archive.com/?u=ed9a92d71d8b96c2b4bdfb23d&id=f5f994632b,1
0,0,0,0,0,0,0,0,0,0,0,0,0,0,0,0,0,0,0,0,0,0,0,0,0,615,0,0,0,0,0,0,0,0,0,0,0,0,0,0,0,0,0,https://us9.campaign-archive.com/?u=16314581cfea1643bc80f9466&id=1d9182e613,1
0,0,0,0,0,0,0,0,0,0,0,0,0,0,0,0,0,0,0,0,0,0,0,0,0,615,0,0,0,0,0,0,0,0,0,0,0,0,0,0,0,0,0,https://us1.campaign-archive.com/?u=496de4947957407b02991369a&id=e0df4fd6e0,1
0,0,0,0,0,0,0,0,0,0,0,0,0,0,0,0,0,0,0,0,0,0,0,0,0,615,0,0,0,0,0,0,0,0,0,0,0,0,0,0,0,0,0,https://us11.campaign-archive.com/?u=059bf79e0f7d3f6edbc560a90&id=36d8d74ae5,1
0,0,0,0,0,0,0,0,0,0,0,0,0,0,0,0,0,0,0,0,0,0,0,0,0,615,0,0,0,0,0,0,0,0,0,0,0,0,0,0,0,0,0,https://us16.campaign-archive.com/?u=2bd49e4c9e033ed39094c0daf&id=3da76158a7,1
0,0,0,0,0,0,0,0,0,0,0,0,0,0,0,0,0,0,0,0,0,0,0,0,0,615,0,0,0,0,0,0,0,0,0,0,0,0,0,0,0,0,0,https://us19.campaign-archive.com/?u=8befc924df70a303e86d0e4d0&id=939e14d5fa,1
0,0,0,0,0,0,0,0,0,0,0,0,0,0,0,0,0,0,0,0,0,0,0,0,0,615,0,0,0,0,0,0,0,0,0,0,0,0,0,0,0,0,0,https://us2.campaign-archive.com/?u=362ceb15ae9279f5105ef7c53&id=7ceba39d6f,1
0,0,0,0,0,0,0,0,0,0,0,0,0,0,0,0,0,0,0,0,0,0,0,0,0,615,0,0,0,0,0,0,0,0,0,0,0,0,0,0,0,0,0,https://us8.campaign-archive.com/?u=e46ab052fec113ec8f0e94fbd&id=93e1aa72e1,1
1,0,0,0,0,1,0,0,0,0,0,0,0,0,0,0,0,0,7,0,9,4,0,0,0,16,0,1,0,2,0,0,0,0,0,0,7,0,0,0,0,0,0,https://share.hsforms.com/1nD2gzp2HT4y2H-XFWNY0rwsofw8,1
1,0,0,0,0,1,0,0,0,0,0,0,0,0,0,0,0,0,7,0,9,4,0,0,0,16,0,1,0,2,0,0,0,0,0,0,7,0,0,0,0,0,0,https://share.hsforms.com/12ALrAN77SGGNcS9XVwMTywtbe8v,1
1,0,0,0,0,1,0,0,0,0,0,0,0,0,0,0,0,0,7,0,9,4,0,0,0,16,0,1,0,1,0,0,0,0,0,0,7,0,0,0,0,0,0,https://2fiq8c.share-eu1.hsforms.com/2AAm4SFAGTDu6WnRrA_KxhA,1
1,0,0,0,0,1,0,0,0,0,0,0,0,0,0,0,0,0,7,0,9,4,0,0,0,16,0,1,0,1,0,0,0,0,0,0,7,0,0,0,0,0,0,https://2fitxu.share-eu1.hsforms.com/2J1jFsk64QAOwT8gCHns4Xw,1
1,0,0,0,0,1,0,0,0,0,0,0,0,0,0,0,0,0,5,0,21,31,0,0,0,121,0,0,0,4,0,0,0,0,0,0,14,0,0,0,0,0,0,https://docs.google.com/presentation/d/e/2PACX-1vR0NkCoIilOtjq_xESGlcCxqepnvfN2pAgs_VrtB2giqUW-AU2aszqwCYb4fNE23R4WKYH1T7uzDUGn/pub?start=false&amp;loop=false&amp;delayms=3000,1
1,0,0,0,0,1,0,0,0,0,0,0,0,0,0,170,0,1,26,33,18,54,1,0,1,6874,0,189,22,198,0,1,0,0,1,0,14,1,0,0,0,11,1,https://www.mbank.sk/individualni/,1
1,0,0,0,0,1,0,0,0,0,0,0,0,0,0,0,0,0,1,0,0,17,0,0,0,230,0,1,0,5,0,0,0,0,0,0,5,0,0,0,0,1,0,https://tractariautokenbeclean.ro/nedlinsdocs/stmdwnldprn/403.php,1
1,0,0,0,0,1,0,0,0,0,0,0,0,0,0,0,0,0,1,0,0,17,0,0,0,226,0,1,0,5,0,0,0,0,0,0,5,0,0,0,0,1,0,https://sipvic.co.za/netbn.csecbn/mynetbnksnnp/403.php,1
1,1,1,0,0,1,0,0,1,0,0,5,1,0,0,4,0,0,8,1,5,30,0,0,0,611,0,7,1,60,0,0,1,0,0,0,22,0,0,0,0,19,0,https://docs.google.com/forms/d/e/1FAIpQLSeBS45IDhaxjoABcBoIsDZFf67GOeXPsdbX9THqybCFWjN0kA/viewform?usp=send_form,1
1,1,1,0,0,1,0,0,1,0,0,5,1,0,0,4,0,0,8,1,5,30,0,0,0,611,0,7,1,60,0,0,1,0,0,0,22,0,0,0,0,19,0,https://forms.gle/Ydc8Pfk8MGBSxoRJA,1
1,1,1,0,0,1,0,0,1,0,0,5,1,0,0,4,0,0,8,1,5,30,0,0,0,611,0,7,1,60,0,0,1,0,0,0,22,0,0,0,0,19,0,https://docs.google.com/forms/d/e/1FAIpQLSeBS45IDhaxjoABcBoIsDZFf67GOeXPsdbX9THqybCFWjN0kA/viewform,1
1,0,0,0,0,1,0,0,0,0,0,0,0,0,0,0,0,0,7,0,9,4,0,0,0,16,0,1,0,1,0,0,0,0,0,0,7,0,0,0,0,0,0,https://419m76.share-na2.hsforms.com/2VzoYwpx4TsSmo_b6qINj9Q,1
1,0,0,0,0,1,0,0,0,0,0,0,0,0,0,0,0,0,2,0,4,10,0,0,0,42,0,0,0,0,0,0,0,0,0,0,18,0,0,0,0,0,0,https://linkin.bio/ssl-kvish6/,1
1,0,0,0,0,1,0,0,0,0,0,0,0,0,0,0,0,0,2,0,4,10,0,0,0,42,0,0,0,0,0,0,0,0,0,0,18,0,0,0,0,0,0,https://linkin.bio/nfo-kvish6/,1
1,0,0,0,0,1,0,0,0,0,0,0,0,0,0,0,0,0,2,0,4,10,0,0,0,42,0,0,0,0,0,0,0,0,0,0,18,0,0,0,0,0,0,https://linkin.bio/info-kvish6/,1
1,0,0,0,0,1,0,0,0,0,0,0,0,0,0,64,3,5,7,48,18,94,1,1,1,9743,0,7,0,9,1,0,0,0,0,0,18,0,0,0,0,5,1,https://ln.run/facebook-bussinesmetas-page2025,1
1,0,1,0,0,1,0,0,0,0,0,0,3,0,0,0,0,0,12,7,16,56,0,0,1,2915,1,24,9,92,0,0,0,0,0,0,3,1,0,0,0,4,0,https://tinyurl.com/2w3mecv2,1
1,0,1,0,0,1,0,0,0,0,0,0,1,0,0,1,0,0,10,1,4,29,0,1,0,530,1,6,0,12,0,0,0,0,1,0,5,1,0,0,0,4,0,https://l.ead.me/bgLd6u,1
0,0,0,0,0,0,0,0,0,0,0,0,0,0,0,0,0,0,0,0,10,0,0,0,0,37,0,0,2,4,0,0,0,0,0,0,0,0,0,0,0,0,0,https://qr-codes.io/j3ddzh,1
1,0,1,0,0,1,0,0,0,0,0,0,1,0,0,1,0,0,10,1,4,29,0,1,0,530,1,6,0,12,0,0,0,0,1,0,5,1,0,0,0,4,0,https://q-r.to/bgLd6u,1
1,1,1,0,0,1,0,0,0,0,0,1,1,0,0,40,0,0,2,1,7,27,1,1,0,5244,0,56,9,68,0,1,1,0,0,1,2,0,0,0,0,51,0,https://ch08328-wordpress-o7yit.tw1.ru/wp-content/plugins/vsndd-jvca/vsndd-jvca/pages/region.php,1
1,1,1,0,0,1,0,0,0,0,0,1,1,0,0,40,0,0,2,1,7,27,1,1,0,5244,0,56,9,68,0,1,1,0,0,1,2,0,0,0,0,51,0,https://cx71860-wordpress-rzom1.tw1.ru/wp-content/plugins/vsndd-jvca/vsndd-jvca/pages/region.php,1
1,0,0,0,0,1,0,0,0,0,0,0,0,0,0,0,0,0,8,0,21,58,0,0,0,148,0,0,0,4,0,0,0,0,0,0,13,0,0,0,0,0,0,https://docs.google.com/presentation/d/e/2PACX-1vTc68dVSHyZs5sIuZ-MyP6eXrP4xhGiaGsiYmY5BLFVfkiI3edyx_THVtYbMdATDz61axhs0gkISMXA/pub?start=false&amp;loop=false&amp;delayms=3000,1
1,0,0,0,0,1,0,0,0,0,0,0,0,0,0,0,0,0,8,0,21,58,0,0,0,148,0,0,0,4,0,0,0,0,0,0,13,0,0,0,0,0,0,https://docs.google.com/presentation/d/e/2PACX-1vTc68dVSHyZs5sIuZ-MyP6eXrP4xhGiaGsiYmY5BLFVfkiI3edyx_THVtYbMdATDz61axhs0gkISMXA/pub,1
1,0,0,0,0,1,0,0,0,0,0,0,0,0,0,0,0,0,8,0,21,58,0,0,0,148,0,0,0,4,0,0,0,0,0,0,13,0,0,0,0,0,0,https://docs.google.com/presentation/d/e/2PACX-1vTc68dVSHyZs5sIuZ-MyP6eXrP4xhGiaGsiYmY5BLFVfkiI3edyx_THVtYbMdATDz61axhs0gkISMXA/pub?start=false&loop=false&delayms=3000,1
1,0,0,0,0,1,0,0,0,0,0,0,0,0,0,0,0,0,8,0,21,58,0,0,0,148,0,0,0,4,0,0,0,0,0,0,13,0,0,0,0,0,0,https://docs.google.com/presentation/d/e/2PACX-1vQJre4AVIO4Ci2MxJQ1LBloerNhcm4MGXxRuEhkItqHEgea8UhrnmJLtXYV5BJiUq54b05XwOpe-tWe/pub,1
1,0,0,0,0,1,0,0,0,0,0,0,0,0,0,0,0,0,8,0,21,58,0,0,0,148,0,0,0,4,0,0,0,0,0,0,13,0,0,0,0,0,0,https://docs.google.com/presentation/d/e/2PACX-1vQJre4AVIO4Ci2MxJQ1LBloerNhcm4MGXxRuEhkItqHEgea8UhrnmJLtXYV5BJiUq54b05XwOpe-tWe/pub?start=false&amp;loop=false&amp;delayms=3000,1
1,1,1,0,0,1,0,0,0,0,0,1,2,0,0,0,0,0,4,1,13,4,0,0,0,152,0,2,1,131,0,0,0,0,0,0,13,0,0,0,0,22,0,https://sites.google.com/view/webgmxloginweitergmx/home,1
1,0,1,0,0,1,0,0,0,0,0,0,1,0,0,1,0,0,10,1,4,29,0,1,0,530,1,6,0,12,0,0,0,0,1,0,5,1,0,0,0,4,0,https://qrco.de/bgLqdq,1
1,0,0,0,0,1,0,0,0,0,0,0,0,0,0,0,0,0,7,0,9,4,0,0,0,16,0,1,0,1,0,0,0,0,0,0,7,0,0,0,0,0,0,https://41a095.share-na2.hsforms.com/2M1n8MrlnRM2rLYKcJaxnpA,1
0,0,0,0,0,1,0,0,0,0,0,0,0,0,0,0,0,0,1,0,7,0,0,0,0,33,0,0,0,1,0,0,0,0,0,0,16,0,0,0,0,0,0,https://docs.zoom.us/doc/inKQRy7dQMCnhbgwlALuOA,1
1,0,1,0,0,1,0,0,0,0,0,0,1,0,0,1,0,0,10,1,4,29,0,1,0,530,1,6,0,12,0,0,0,0,1,0,5,1,0,0,0,4,0,https://qrco.de/bgLSp0,1
1,0,0,0,0,1,0,0,0,0,0,0,0,0,0,0,0,0,12,1,3,4,1,0,0,154,0,1,2,9,0,0,0,0,0,0,5,0,0,0,0,0,0,https://btonlinemail-hsq6e.wstd.io/copy-1,1
0,1,1,0,0,1,1,1,1,0,0,5,1,0,0,41,0,0,14,2,19,0,0,0,1,1471,0,51,4,70,0,0,1,0,0,0,4,0,0,0,0,44,0,https://www.surveymonkey.com/r/L8M7SF2,1
1,0,0,0,0,1,0,0,0,0,0,0,0,0,0,0,0,0,6,0,56,20,0,1,0,271,0,2,1,41,0,1,0,0,0,0,17,0,0,0,0,11,0,https://jayfres9582.wixsite.com/bt-email-update,1
1,0,0,0,0,1,0,0,0,0,0,0,0,0,0,0,0,0,7,0,9,4,0,0,0,16,0,1,0,2,0,0,0,0,0,0,7,0,0,0,0,0,0,https://share-eu1.hsforms.com/1ROGj3fZHTj2x60M7r-TuaA2fimrj,1
0,0,0,0,0,0,0,0,0,0,0,0,0,0,0,0,0,0,0,0,0,0,0,0,0,0,0,0,0,0,0,0,0,0,0,0,0,0,0,0,0,0,0,https://dawton.m-pages.com/kntqmx/webbsetauthtoken,1
0,1,1,0,0,1,1,1,1,0,0,5,1,0,0,41,0,0,14,2,19,0,0,0,1,1471,0,51,4,70,0,0,1,0,0,0,4,0,0,0,0,44,0,https://www.surveymonkey.com/r/YRTBJWW,1
1,0,1,0,0,1,0,0,0,0,0,0,1,0,0,1,0,0,10,1,4,29,0,1,0,530,1,6,0,12,0,0,0,0,1,0,5,1,0,0,0,4,0,https://qrco.de/bgL3fE,1
1,0,0,0,0,1,0,0,0,0,0,0,0,0,0,0,0,0,5,0,21,37,0,0,0,127,0,0,0,4,0,0,0,0,0,0,14,0,0,0,0,0,0,https://docs.google.com/presentation/d/e/2PACX-1vSLQq0bMjoepG3uLbegnRMrw930A2N9nde_ILZHo9M2xXeAUzoJ_oDTxdxAxGdycV3vHLXkPb0l7a_T/pub?start=false&loop=false&delayms=3000,1
1,0,0,0,0,1,0,0,0,0,0,0,0,0,0,0,0,0,5,0,21,37,0,0,0,127,0,0,0,4,0,0,0,0,0,0,14,0,0,0,0,0,0,https://docs.google.com/presentation/d/e/2PACX-1vSLQq0bMjoepG3uLbegnRMrw930A2N9nde_ILZHo9M2xXeAUzoJ_oDTxdxAxGdycV3vHLXkPb0l7a_T/pub,1
1,0,0,0,0,1,0,0,0,0,0,0,0,0,0,0,0,0,4,0,21,37,0,0,0,127,0,0,0,4,0,0,0,0,0,0,14,0,0,0,0,0,0,https://docs.google.com/presentation/d/e/2PACX-1vRNJUMFQeLR4xZkZ7x67L9uklmw1Dj7DyaUTetJ08yMIHWLBOhw2QoFg5cvnK8u3VeyE2tgMZbUkofO/pub?start=false&amp;loop=false&amp;delayms=3000,1
1,0,0,0,0,1,0,0,0,0,0,0,0,0,0,0,0,0,4,0,21,37,0,0,0,127,0,0,0,4,0,0,0,0,0,0,14,0,0,0,0,0,0,https://docs.google.com/presentation/d/e/2PACX-1vRNJUMFQeLR4xZkZ7x67L9uklmw1Dj7DyaUTetJ08yMIHWLBOhw2QoFg5cvnK8u3VeyE2tgMZbUkofO/pub,1
1,0,0,0,0,1,0,0,0,0,0,0,0,0,0,0,0,0,7,0,9,4,0,0,0,16,0,1,0,1,0,0,0,0,0,0,7,0,0,0,0,0,0,https://2fif1e.share-eu1.hsforms.com/2IFSb2wlrTimkfUDGIBVfWA,1
0,1,1,0,0,1,1,1,1,0,0,5,1,0,0,41,0,0,14,2,19,0,0,0,1,1471,0,51,4,70,0,0,1,0,0,0,4,0,0,0,0,44,0,https://www.surveymonkey.com/r/LYY3WGG,1
1,1,1,0,0,1,0,0,0,0,0,1,2,0,0,0,0,0,4,1,13,4,1,0,0,161,0,1,0,139,0,0,0,0,0,0,12,0,0,0,0,23,0,https://sites.google.com/view/gmxx-1/home,1
1,0,0,0,0,1,0,0,0,0,0,0,0,0,0,0,0,0,21,0,4,68,0,0,0,168,0,0,0,15,0,0,0,0,1,0,27,0,0,0,0,1,0,https://poll.forms.app/darincarrion/,1
1,0,0,0,0,1,0,0,0,0,0,0,0,0,0,0,0,0,5,0,21,37,0,0,0,127,0,0,0,4,0,0,0,0,0,0,14,0,0,0,0,0,0,https://docs.google.com/presentation/d/e/2PACX-1vRx14JbpxBvCJH0z9OWr69INqbj1PUg-gWIrHfXl7IN9XWWIbpk7_8yUKg5TcyMlemOSQ3o-wsSrsik/pub?start=false&amp;loop=false&amp;delayms=3000,1
1,0,0,0,0,1,0,0,0,0,0,0,0,0,0,3,0,0,8,8,15,29,1,0,0,442,0,4,0,11,0,0,0,0,0,0,17,0,0,0,0,1,0,https://lnk.ink/cQ7W9,1
1,0,0,0,0,1,0,0,0,0,0,0,0,0,0,0,0,0,8,0,21,58,0,0,0,148,0,0,0,4,0,0,0,0,0,0,13,0,0,0,0,0,0,https://docs.google.com/presentation/d/e/2PACX-1vS3PHwzbb_L2HYEI4GsABAV0_QJc_A2Fwcm6O3cgTT1LnXvWkAtigiTgg8TB7Xmyxjhe54pQYeBEusa/pub?start=false&loop=false&delayms=3000,1
1,0,0,0,0,1,0,0,0,0,0,0,0,0,0,0,0,0,8,0,21,58,0,0,0,148,0,0,0,4,0,0,0,0,0,0,13,0,0,0,0,0,0,https://docs.google.com/presentation/d/e/2PACX-1vS3PHwzbb_L2HYEI4GsABAV0_QJc_A2Fwcm6O3cgTT1LnXvWkAtigiTgg8TB7Xmyxjhe54pQYeBEusa/pub,1
1,0,1,0,0,1,0,0,0,0,0,0,1,0,0,0,0,0,10,0,14,14,0,0,0,97,0,0,0,4,0,0,0,0,0,0,16,0,0,0,0,0,0,https://btinternetcomzhzh-1e1p.glide.page/dl/be28b0,1
1,0,0,0,0,0,0,0,0,0,0,0,0,0,0,0,0,0,0,0,0,7,0,0,0,15,0,0,0,0,0,0,0,0,0,0,1,0,0,0,0,0,0,https://d15k2d11r6t6rl.cloudfront.net/pub/kkhq/jmr66irt/sbl/85f/osi/dkre.html,1
1,1,0,0,0,1,0,0,0,0,0,1,0,0,0,44,0,0,27,1,21,21,0,0,1,1223,0,48,19,122,0,1,1,0,0,0,5,1,0,0,0,6,0,https://onenetworksa.com/client/,1
1,0,0,0,0,1,0,0,0,0,0,0,0,0,0,0,0,0,7,0,9,4,0,0,0,16,0,1,0,1,0,0,0,0,0,0,7,0,0,0,0,0,0,https://2fif1g.share-eu1.hsforms.com/2h9hFPGYBS8qX87Stsrhk7Q,1
1,0,1,0,0,1,0,0,0,0,0,0,1,0,0,1,0,0,10,1,4,29,0,1,0,530,1,6,0,12,0,0,0,0,1,0,5,1,0,0,0,4,0,https://qrco.de/bgLDxS,1
1,0,0,0,0,1,0,0,0,0,0,0,0,0,0,0,0,0,8,0,21,58,0,0,0,148,0,0,0,4,0,0,0,0,0,0,13,0,0,0,0,0,0,https://docs.google.com/presentation/d/e/2PACX-1vQbDNK9sJ2jxlmDfhvvLAAeFas0Dh_Ps1zHSojGCE9tOoluM6zrmnxRUnE1strIZzMxQmNGA14HqajR/pub?start=false&loop=false&delayms=3000,1
1,0,0,0,0,1,0,0,0,0,0,0,0,0,0,0,0,0,8,0,21,58,0,0,0,148,0,0,0,4,0,0,0,0,0,0,13,0,0,0,0,0,0,https://docs.google.com/presentation/d/e/2PACX-1vRFXlACeZlqvppmIpp-HMiwIBA4rnEFw80Hui6nvD4hILG6Vmy8dBSKoYj-KyhimIJa8varpUNCp4fK/pub,1
1,0,1,0,0,1,0,0,0,0,0,0,1,0,0,1,0,0,10,1,4,29,0,1,0,530,1,6,0,12,0,0,0,0,1,0,5,1,0,0,0,4,0,https://qrco.de/bgLRDr,1
1,0,0,0,0,1,0,0,0,0,0,0,0,0,0,0,0,0,18,0,96,36,0,0,0,61,0,0,0,0,0,0,0,0,0,0,3,0,0,0,0,0,0,https://www.dropbox.com/scl/fi/7een3wd11y7c799yte0pl/Your-Bill-Is-Available.paper?rlkey=ovr7u4umil6hk4sr856p4ef0b&dl=0,1
1,0,0,0,0,1,0,0,0,0,0,0,0,0,0,0,0,0,18,0,96,36,0,0,0,61,0,0,0,0,0,0,0,0,0,0,3,0,0,0,0,0,0,https://www.dropbox.com/scl/fi/59llmuwwfrm5lux5mm2ra/Account-Upgrades.paper?rlkey=uvym2lzi5vq51ya5wbdn6fkmz&st=x6pny5dw&dl=0,1
1,0,0,0,0,1,0,0,0,0,0,0,0,0,0,0,0,0,3,0,10,19,0,0,0,109,0,0,0,4,0,0,0,0,0,0,16,0,0,0,0,0,0,https://docs.google.com/drawings/d/1wxv5w_lewMFVGvn8eX9l7LE8CNNEuNUjpiLUadKgDw4/preview,1
1,0,0,0,0,1,0,0,0,0,0,0,0,0,0,0,0,0,3,0,10,19,0,0,0,109,0,0,0,4,0,0,0,0,0,0,16,0,0,0,0,0,0,https://docs.google.com/drawings/d/1wxv5w_lewMFVGvn8eX9l7LE8CNNEuNUjpiLUadKgDw4/preview?07ba911c-34ef-4a84-be6c-f4ceb917c03b,1
1,0,0,0,0,1,0,0,0,0,0,0,0,0,0,0,0,0,5,0,15,41,0,0,0,41,0,0,0,14,0,0,0,0,1,0,7,0,0,0,0,0,0,https://preview.webflow.com/preview/ee-ignore-update-acct-broadband?utm_medium=preview_link&utm_source=designer&utm_content=ee-ignore-update-acct-broadband&preview=12c0b70a6a05bb112c4e8856144eef47&workflow=preview,1
1,0,0,0,0,1,0,0,0,0,0,0,0,0,0,0,0,0,7,0,9,4,0,0,0,16,0,1,0,1,0,0,0,0,0,0,7,0,0,0,0,0,0,https://2f4lhg.share-eu1.hsforms.com/2Jyw-BcsCRLWY99-1Agl-7w,1
1,0,0,0,0,1,0,0,0,0,0,0,0,0,0,0,0,0,7,0,9,4,0,0,0,16,0,1,0,1,0,0,0,0,0,0,7,0,0,0,0,0,0,https://2f4uih.share-eu1.hsforms.com/2fIS-r2DwQqm885ZGoy1QAQ,1
1,0,0,0,0,1,0,0,0,0,0,0,0,0,0,0,0,0,4,0,3,18,0,0,0,32,0,0,1,4,0,0,0,0,0,0,2,0,0,0,0,0,0,https://links.us1.defend.egress.com/Warning?crId=68d52acebc5cf2d979908ce3&amp;Domain=hallevans.com&amp;Threat=eNpzrShJLcpLzAEADmkDRA%3D%3D&amp;Lang=en&amp;Base64Url=eNo1jl1vmzAYhX_NLgnYBttUiqqtS5qo0jq0tGzcTP4M3xBjkoZfP0PHzfGR3_Mcndzafnjw_bpoq42SZ9UXdWc3omv8wZeUhUJA4Yt4eL_Y8xC9NWYa_pZpS5r7-XHcrriUSgAv8FTrCdtvrFGtbAphuqXpVgy-qAtR2aJR_hX4l1GZ--No6s-CLzBCzAnUi8xbetNZJdyQUbLhKuaa5eaYOa3nOJIrvfL_G9yTM9MokTNrunaF3fetX42q64XEYmnazV6ARZ_LFL_xU2lAXR5wen-lKph-xslxV6anY_aUVR2uT4iSXy8afOy6pADHKni6_BB7sh-iKWvr02eV_Jbdscm_Oh_p6ToJ-JF_3xfgD1yuyfsuOfxOeRJl1Wtz08MLG_cHs8yy975blrkiPDaF3OKYQagp8yJKAi_kQnkUIepJHsQk0CrQBLmsEXYLiMvEGIMZZqPNtwxrBTh0QiVAEUMhkTwUOqQqRkGsOUCKUSo9jDlSHGnKg0hyRTBSLgsgY2GoZRASF4eKsX-1lrGA&amp;@OriginalLink=link.edgepilot.com,1
1,0,0,0,0,1,0,0,0,0,0,0,0,0,0,0,0,0,20,0,42,13,0,0,0,176,0,0,0,9,0,0,0,0,0,0,22,0,0,0,0,0,0,https://www.dropbox.com/scl/fi/gbh2jlwxde6ywpxbr07ex/BT-Network-Center.paper?rlkey=h7ytmaqgavu3tuvzwawou7fyj&st=jfpjc7wr&dl=0,1
1,0,0,0,0,1,0,0,0,0,0,0,0,0,0,0,0,0,18,0,96,36,0,0,0,61,0,0,0,0,0,0,0,0,0,0,3,0,0,0,0,0,0,https://www.dropbox.com/scl/fi/w1dqatw2n1nktl2qlaf00/Login-to-MyBT.papert?rlkey=s5c2nds3l1y8xkswbublnqxqt&st=equddcma&dl=0,1
1,0,0,0,0,1,0,0,0,0,0,0,0,0,0,0,0,0,18,0,96,36,0,0,0,61,0,0,0,0,0,0,0,0,0,0,3,0,0,0,0,0,0,https://www.dropbox.com/scl/fi/skp372tyoxobgzydhnvcb/Upgrade-your-home-with-BT-Broadband.paper?rlkey=6bmdsbdbp2v313ytf68xmmo9g&dl=0,1
1,0,0,0,0,1,0,0,0,0,0,0,0,0,0,0,0,0,18,0,96,36,0,0,0,61,0,0,0,0,0,0,0,0,0,0,3,0,0,0,0,0,0,https://www.dropbox.com/scl/fi/m8y9epnpsipvl9wopug4n/Shared-a-dropbox-file.doc-Invoice-INV09210.paper?rlkey=u6yifs25x030yfwooimo77vro&st=rfl42u0o&dl=0,1
1,0,0,0,0,1,0,0,0,0,0,0,0,0,0,0,0,0,20,0,42,13,0,0,0,176,0,0,0,9,0,0,0,0,0,0,22,0,0,0,0,0,0,https://www.dropbox.com/scl/fi/btzze4nwiudsi85zwur6m/Your-Bill-Is-Available.paper?rlkey=nu9xtvnyf0kbe6nmpfcdtq35s&st=lj6vntkc&dl=0,1
1,0,0,0,0,1,0,0,0,0,0,0,0,0,0,0,0,0,18,0,96,36,0,0,0,61,0,0,0,0,0,0,0,0,0,0,3,0,0,0,0,0,0,https://www.dropbox.com/scl/fi/76qqenpojv2mxhncr0nrz/BT-VOICEMAIL.paper?dl=0&rlkey=fwo6thkopulrqqaymiixdu8rw,1
1,0,0,0,0,1,0,0,0,0,0,0,0,0,0,0,0,0,18,0,96,36,0,0,0,61,0,0,0,0,0,0,0,0,0,0,3,0,0,0,0,0,0,https://www.dropbox.com/scl/fi/6ru77i38qrrwt3wv5237t/BT-MAIL-SUPPORT.paper?dl=0&rlkey=gxxcb5pi8id1lnqxdv61xs4gq,1
1,0,0,0,0,1,0,0,0,0,0,0,0,0,0,0,0,0,18,0,96,36,0,0,0,61,0,0,0,0,0,0,0,0,0,0,3,0,0,0,0,0,0,https://www.dropbox.com/scl/fi/033x2uguj2nmzbmjh34jc/GGFGFG.paper?rlkey=x76kjxl3u26o12thgcy8zmnkh&dl=0,1
1,0,0,0,0,1,0,0,0,0,0,0,0,0,0,0,0,0,36,0,29,26,0,0,0,87,0,0,0,0,0,0,0,0,0,0,21,0,0,0,0,0,0,https://www.dropbox.com/login?cont=https%3A%2F%2Fwww.dropbox.com%2Fspri%2FAPNxdKypUsi6ct3fE_Qh8seSIwwf9XfeFFkaq77BXBA2j-8ce0vTD6tcADEuorbqC7NyHBC8HUqPAJYuLwwYEwukH5GwnfbmAC3I1jOXroS7R_2k56_mgIDVJfrMU9G6QH3268jOYku8XH4BXhPSWYTrHtyQFZ7Klutrlg8bqgoHTFqgN4_GyitTjQy3eeIFbvKbKJpucG0M1KhcHkbW84Ar9qfl4kI3Xql__GYFpb9NE_U8IEP2QtcMKsx6oLKzJW4%3Foref%3De,1
1,0,0,0,0,1,0,0,0,0,0,0,0,0,0,0,0,0,36,0,29,26,0,0,0,87,0,0,0,0,0,0,0,0,0,0,21,0,0,0,0,0,0,https://www.dropbox.com/l/spri/AADTyaZuJbdQ2nLNkKzBx2av8iT1KWcJNA4,1
1,0,0,0,0,1,0,0,0,0,0,0,0,0,0,0,0,0,18,0,96,36,0,0,0,61,0,0,0,0,0,0,0,0,0,0,3,0,0,0,0,0,0,https://www.dropbox.com/scl/fi/amf9mu6v2mnnb946clni7/Welcome-to-BT-Mail.paper?rlkey=qyezji53gj5w8rtv12pb5hztv&st=m8trte8n&dl=0,1
1,0,0,0,0,1,0,0,0,0,0,0,0,0,0,0,0,0,18,0,96,36,0,0,0,61,0,0,0,0,0,0,0,0,0,0,3,0,0,0,0,0,0,https://www.dropbox.com/scl/fi/uwup9lc1mjgpevyzcdp1c/Download-dropbox-file.doc-Invoice.paper?rlkey=vwwwk06n58nr8hogk7vs7t4cv&st=umysyyvs&dl=0,1
1,0,0,0,0,1,0,0,0,0,0,0,0,0,0,0,0,0,18,0,96,36,0,0,0,61,0,0,0,0,0,0,0,0,0,0,3,0,0,0,0,0,0,https://www.dropbox.com/scl/fi/5rxhc3ldbmix8ciojfarw/Your-Latest-Bill-Is-Ready.paper?rlkey=3ii1hdbeyu86qpt0bhtfg7m2b&st=tsh21fv7&dl=0,1
0,0,0,0,0,0,0,0,0,0,0,0,0,0,0,0,0,0,0,0,0,0,0,0,0,631,0,0,0,0,0,0,0,0,0,0,0,0,0,0,0,0,0,https://www.dropbox.com/l/AABE5o9b3YNwiZ0-obuNQmtoe1BQ_7RuKW8,1
0,0,0,0,0,0,0,0,0,0,0,0,0,0,0,0,0,0,0,0,0,0,0,0,0,631,0,0,0,0,0,0,0,0,0,0,0,0,0,0,0,0,0,https://www.dropbox.com/l/spri/AAD1nUDFLI8RDHwwtwnPwFcch9zP9fLKaKs&quot,1
1,1,1,0,0,1,0,0,1,0,0,4,1,0,0,0,0,0,2,1,3,17,0,0,0,353,0,0,0,23,0,0,1,0,0,1,3,0,0,0,0,2,0,https://1d912804.sibforms.com/serve/MUIFAEcqGKk1aByYXXIedN4K-pb9AnQma2xG2jD7mLNeXqf81ZZdMfZDTyrPC0zXnyWZdvKuaZZhao4PiQb7kRDE0gX77v-FokOmce0vsba4kZGqF7Ige1psbmNAt5Qyj0Dk9KY3RZk7gAJq-2VETeTTlo0dqIS3hsbpTJIu6JFuLhET2st6f7swjlvRVJZD6Wz8EXLrXpqc14mO,1
1,0,1,0,0,1,0,0,0,0,0,0,1,0,0,1,0,0,14,0,22,10,0,0,0,56,0,1,3,16,0,0,0,0,1,0,18,0,0,0,0,1,0,https://blinq.me/IbprkQ3N6o5Y?bs=db,1
0,0,0,0,0,0,0,0,0,0,0,0,0,0,0,0,0,0,0,0,0,0,0,0,0,615,0,0,0,0,0,0,0,0,0,0,0,0,0,0,0,0,0,https://us1.campaign-archive.com/?u=1d88d7625975843907d466e2b&id=0749f07155,1
1,1,0,0,0,1,0,0,0,0,0,1,0,0,0,56,0,34,1,3,2,36,1,0,0,1631,0,64,5,5,0,0,0,0,0,1,7,0,0,0,0,6,29,https://us2.campaign-archive.com/?e=206628dae4&u=c371df4f3e6fcc747d45fc35c&id=9846f5a4cf,1
1,1,0,0,0,1,0,0,0,0,0,1,0,0,0,55,0,35,1,2,2,56,0,0,0,4315,0,65,6,5,0,0,0,0,0,1,7,0,0,0,0,5,32,https://us18.campaign-archive.com/?e=efa1faba0f&u=ec592b36358db2d2ca3700db8&id=79f5518378,1
0,0,0,0,0,0,0,0,0,0,0,0,0,0,0,0,0,0,0,0,0,0,0,0,0,615,0,0,0,0,0,0,0,0,0,0,0,0,0,0,0,0,0,https://us1.campaign-archive.com/?u=53ddd611c2939ff6d688f7574&id=053c825385,1
0,0,0,0,0,0,0,0,0,0,0,0,0,0,0,0,0,0,0,0,0,0,0,0,0,615,0,0,0,0,0,0,0,0,0,0,0,0,0,0,0,0,0,https://us11.campaign-archive.com/?u=c76d84289ff99b6051db9dbb8&id=89c5cb797b,1
0,0,0,0,0,0,0,0,0,0,0,0,0,0,0,0,0,0,0,0,0,0,0,0,0,615,0,0,0,0,0,0,0,0,0,0,0,0,0,0,0,0,0,https://us1.campaign-archive.com/?u=fa44feac500a6551188e966b9&id=e9148a4887,1
1,1,0,0,0,1,0,0,0,0,0,1,0,0,0,61,0,43,1,0,2,19,0,0,0,2532,0,73,7,5,0,0,0,0,0,1,6,0,0,0,0,3,40,https://us11.campaign-archive.com/?e=ad80af8730&u=9f0f6011c0c40242ddea569d7&id=5756384698,1
1,0,0,0,0,1,0,0,0,0,0,0,0,0,0,0,0,55,2,28,0,47,0,0,0,6304,0,9,5,13,0,0,0,0,0,0,7,0,0,0,0,84,48,https://us16.campaign-archive.com/?e=55671c69cd&u=2f6bbbc0793482d16acb0fd01&id=18d1980829,1
0,0,0,0,0,1,0,0,0,0,0,0,0,0,0,0,0,0,1,0,7,0,0,0,0,33,0,0,0,1,0,0,0,0,0,0,16,0,0,0,0,0,0,https://docs.zoom.us/doc/XBeZJ6DaQE2DAP6CsLb_AQ,1
1,1,1,0,0,1,1,1,1,0,0,8,1,0,83,3,0,0,1,4,6,25,1,0,0,898,0,6,1,28,0,1,1,0,0,0,5,0,0,0,0,6,0,https://sites.google.com/view/tfgbvfsd05/accueil,1
0,0,0,0,0,0,0,0,0,0,0,0,0,0,0,0,0,0,0,0,0,0,0,0,0,0,0,0,0,0,0,0,0,0,0,0,0,0,0,0,0,0,0,https://birounotari.ro/Nou/auth/dV9oBz/login.php?id=33835906,1
1,0,0,0,0,1,0,0,0,0,0,0,0,0,0,0,0,0,5,0,21,37,0,0,0,127,0,0,0,4,0,0,0,0,0,0,14,0,0,0,0,0,0,https://docs.google.com/presentation/d/e/2PACX-1vRH1ioV5zDEE78Y2BQFLpw4pBGHgPz6i-3-7mykIeeSFUCCjFyFziIjSFK8nyyXPi3Iup4CHIS1iPBd/pub?start=false&amp;loop=false&amp;delayms=3000,1
0,0,0,0,0,0,0,0,0,0,0,0,0,0,0,0,0,0,0,0,1,0,0,0,0,0,0,0,0,0,0,0,0,0,0,0,1,0,0,0,0,0,0,https://l.wl.co/l?u=https://qr-codes.io/iVG6I8,1
1,0,0,0,0,1,0,0,0,0,0,0,0,0,0,5,0,0,1,5,0,59,1,1,0,1459,0,3,2,5,0,0,0,0,0,0,3,1,0,0,0,1,0,https://bit.ly/4gHEgoJ,1
1,0,1,0,0,1,0,0,0,0,0,0,3,0,0,0,0,0,12,7,16,56,0,0,1,2915,1,24,9,92,0,0,0,0,0,0,3,1,0,0,0,4,0,https://tinyurl.com/5ytmw7kv,1
0,0,0,0,0,0,0,0,0,0,0,0,0,0,0,0,0,0,0,0,10,0,0,0,0,37,0,0,2,4,0,0,0,0,0,0,0,0,0,0,0,0,0,https://qr-codes.io/iVG6I8,1
1,1,1,0,0,1,1,1,1,0,0,8,1,0,83,3,0,0,1,4,6,25,1,0,0,898,0,6,1,28,0,1,1,0,0,0,5,0,0,0,0,6,0,https://sites.google.com/view/53242135412312423/,1
1,1,1,0,0,1,1,1,1,0,0,8,1,0,83,3,0,0,1,4,6,25,1,0,0,898,0,6,1,28,0,1,1,0,0,0,5,0,0,0,0,6,0,https://sites.google.com/view/jup-defi/swap,1
1,0,0,0,0,1,0,0,0,0,0,0,0,0,0,0,0,0,21,0,10,7,0,0,0,44,0,0,0,4,0,0,0,0,0,0,17,0,0,0,0,0,0,https://eu.jotform.com/app/252693345119360,1
0,0,0,0,0,0,0,0,0,0,0,0,0,0,0,0,0,0,0,0,0,0,0,0,0,615,0,0,0,0,0,0,0,0,0,0,0,0,0,0,0,0,0,https://us4.campaign-archive.com/?u=a7a3a81596cf362d600a2ae70&id=ff22e25741,1
0,0,0,0,0,1,0,0,0,0,0,0,0,0,0,0,0,0,1,0,7,0,0,0,0,33,0,0,0,1,0,0,0,0,0,0,16,0,0,0,0,0,0,https://docs.zoom.us/doc/MyonhmKrRS2Ve8bp22o-Ew,1
0,0,0,0,0,0,0,0,0,0,0,0,0,0,0,0,0,0,0,0,0,0,0,0,0,615,0,0,0,0,0,0,0,0,0,0,0,0,0,0,0,0,0,https://us3.campaign-archive.com/?u=aa024a32f6dc29685842a7d35&id=d6a37b5b2f,1
0,0,0,0,0,0,0,0,0,0,0,0,0,0,0,0,0,0,0,0,0,0,0,0,0,615,0,0,0,0,0,0,0,0,0,0,0,0,0,0,0,0,0,https://us17.campaign-archive.com/?u=f8c0380c1757cf54940834f97&id=0cdee19d5c,1
0,1,1,0,0,1,1,1,1,0,0,5,1,0,0,41,0,0,14,2,19,0,0,0,1,1471,0,51,4,70,0,0,1,0,0,0,4,0,0,0,0,44,0,https://www.surveymonkey.com/r/F27RTVK,1
0,0,0,0,0,0,0,0,0,0,0,0,0,0,0,0,0,0,0,0,0,0,0,0,0,0,0,0,0,0,0,0,0,0,0,0,0,0,0,0,0,0,0,https://protonwebmailauth.m-pages.com/ahJ1Ta/webmailindextrue,1
1,1,1,0,0,1,1,1,1,0,0,8,1,0,83,3,0,0,1,4,6,25,1,0,0,898,0,6,1,28,0,1,1,0,0,0,5,0,0,0,0,6,0,https://sites.google.com/view/362839284847984984/,1
1,0,0,0,0,1,0,0,0,0,0,0,0,0,0,0,0,0,35,0,2,14,0,0,0,247,0,2,0,12,0,0,0,0,0,0,2,0,0,0,0,0,0,https://link.v1ce.co/btvoicealert,1
0,0,0,0,0,0,0,0,0,0,0,0,0,0,0,0,0,0,0,0,0,0,0,0,0,615,0,0,0,0,0,0,0,0,0,0,0,0,0,0,0,0,0,https://us20.campaign-archive.com/?u=d9eed2193bad1d46e792a6fc1&id=59e31d3be2,1
0,1,1,0,0,1,1,1,1,0,0,5,1,0,0,41,0,0,14,2,19,0,0,0,1,1471,0,51,4,70,0,0,1,0,0,0,4,0,0,0,0,44,0,https://www.surveymonkey.com/r/ZCHC8YQ,1
1,0,0,0,0,1,0,0,0,0,0,0,0,0,0,0,0,0,18,0,96,36,0,0,0,61,0,0,0,0,0,0,0,0,0,0,3,0,0,0,0,0,0,https://www.dropbox.com/scl/fi/gh11cnhf1a1g3rg6fj0pg/Shared-a-doc.file-Invoice-INV10934.paper?rlkey=ucd5r87jisqd1ieg365rn8kc8&st=ahvubsoo&dl=0,1
0,1,1,0,0,1,1,1,1,0,0,5,1,0,0,41,0,0,14,2,19,0,0,0,1,1471,0,51,4,70,0,0,1,0,0,0,4,0,0,0,0,44,0,https://www.surveymonkey.com/r/PNR896P,1
0,1,1,0,0,1,1,1,1,0,0,5,1,0,0,41,0,0,14,2,19,0,0,0,1,1471,0,51,4,70,0,0,1,0,0,0,4,0,0,0,0,44,0,https://www.surveymonkey.com/r/GFPRQDD,1
1,1,1,0,0,1,0,1,0,0,0,6,1,0,0,0,0,0,3,2,1,7,1,0,0,3474,0,5,1,48,0,0,1,0,0,1,6,0,0,0,0,0,0,https://oesa.or.th/two.html,1
1,1,0,0,1,1,0,0,1,0,0,8,0,0,0,0,0,1,1,1,6,15,0,0,0,5117,0,1,4,17,0,0,1,0,0,0,3,0,0,0,0,2,1,https://www.5mp.eu/fajlok2/tiaew/owa_www.5mp.eu_.html,1
1,0,0,0,0,1,0,0,0,0,0,0,0,0,0,0,0,0,2,0,4,10,0,0,0,42,0,0,0,0,0,0,0,0,0,0,18,0,0,0,0,0,0,https://linkin.bio/tosu-kvish6,1
1,0,0,0,0,1,0,0,0,0,0,0,0,0,0,0,0,0,2,0,4,10,0,0,0,42,0,0,0,0,0,0,0,0,0,0,18,0,0,0,0,0,0,https://linkin.bio/tosu-kvish6/,1
1,0,0,0,0,1,0,0,0,0,0,0,0,0,0,0,0,0,5,0,21,37,0,0,0,127,0,0,0,4,0,0,0,0,0,0,14,0,0,0,0,0,0,https://docs.google.com/presentation/d/e/2PACX-1vSpkyA1nkL6qvG_0UrUIjERyCys3iX5fjUo78xbbQChq_hM9RGIEYlGQ7ATljwucNQ038XO6xRMiJCO/pub?start=false&amp;loop=false&amp;delayms=3000,1
0,0,0,0,0,0,0,0,0,0,0,0,0,0,0,0,0,0,0,0,1,0,0,0,0,0,0,0,0,0,0,0,0,0,0,0,1,0,0,0,0,0,0,https://l.wl.co/l?u=https://qr-codes.io/wj1xeJ,1
1,0,1,0,0,1,0,0,0,0,0,0,3,0,0,0,0,0,12,7,16,56,0,0,1,2915,1,24,9,92,0,0,0,0,0,0,3,1,0,0,0,4,0,https://tinyurl.com/bd4mf472,1
1,0,1,0,0,1,0,0,0,0,0,0,3,0,0,0,0,0,12,7,16,56,0,0,1,2915,1,24,9,92,0,0,0,0,0,0,3,1,0,0,0,4,0,https://tinyurl.com/5e4d3759,1
1,0,1,0,0,1,0,0,0,0,0,0,3,0,0,0,0,0,12,7,16,56,0,0,1,2915,1,24,9,92,0,0,0,0,0,0,3,1,0,0,0,4,0,https://tinyurl.com/2fert9m3,1
0,0,0,0,0,0,0,0,0,0,0,0,0,0,0,0,0,0,0,0,0,0,0,0,0,31,0,0,0,0,0,0,0,0,0,0,0,0,0,0,0,0,0,https://zpr.io/JUPNe5JE2WH3,1
